ID,FID_Grilla,ROW,COL,LAT,LON,AREA,Dias,Seg,PM25(g/proyecto),PM25 (E(g/d)),PM25(g),PM25(t),PM10(g/proyecto),PM10 (E(g/d)),PM10(g),PM10(t)
1,1374,13,31,4.468597,-74.125923,1954.26,240,9504000,74293.14816,309.554784,70578.490752,0.070578490752,241452.73152,1006.053048,229380.094944,0.229380094944
2,1566,16,32,4.495499,-74.116936,6268.0,555,21978000,551032.416,992.8512,259134.1632,0.2591341632,1790855.352,3226.7664,842186.0304,0.8421860304
3,1566,16,32,4.495499,-74.116936,6268.0,555,21978000,551032.416,992.8512,259134.1632,0.2591341632,1790855.352,3226.7664,842186.0304,0.8421860304
4,1567,16,31,4.495499,-74.125923,16596.95,784,31046400,2061102.19392,2628.95688,113045.14584,0.11304514584,6698582.13024,8544.10986,367396.72398,0.36739672398
5,1665,18,35,4.513443,-74.089951,1630.0,85,3366000,21946.32,258.192,21946.32,0.02194632,71325.54,839.124,71325.54,0.07132554
6,1666,18,34,4.513443,-74.098946,6970.13,958,37936800,1057697.71114,1104.068592,288161.902512,0.288161902512,3437517.56119,3588.222924,936526.183164,0.936526183164
7,1667,18,33,4.513443,-74.107941,2826.92,958,37936800,428977.194624,447.784128,116871.657408,0.116871657408,1394175.88253,1455.298416,379832.886576,0.379832886576
8,1795,20,30,4.531372,-74.134918,9124.72,261,10335600,377237.824128,1445.355648,109847.029248,0.109847029248,1226022.92842,4697.405856,357002.845056,0.357002845056
9,555,21,32,4.540337,-74.116936,3811.94,344,13622400,207711.085824,603.811296,25963.885728,0.025963885728,675061.028928,1962.386712,84382.628616,0.084382628616
10,1799,21,28,4.540337,-74.152908,3596.56,401,15879600,228447.736704,569.695104,99126.948096,0.099126948096,742455.144288,1851.509088,322162.581312,0.322162581312
11,1783,21,33,4.540337,-74.107941,9995.31,329,13028400,520891.587216,1583.257104,413230.104144,0.413230104144,1692897.65845,5145.585588,1342997.83847,1.34299783847
12,1781,22,33,4.549301,-74.107941,8824.0,1566,62013600,2188832.0256,1397.7216,364805.3376,0.3648053376,7113704.0832,4542.5952,1185617.3472,1.1856173472
13,534,23,32,4.558266,-74.116936,30000.0,110,4356000,522720.0,4752.0,204336.0,0.204336,1698840.0,15444.0,664092.0,0.664092
14,1916,23,31,4.558266,-74.125923,1659.0,342,13543200,89872.6752,262.7856,67273.1136,0.0672731136,292086.1944,854.0532,218637.6192,0.2186376192
15,536,23,36,4.558266,-74.080956,1190.0,62,2455200,11686.752,188.496,11686.752,0.011686752,37981.944,612.612,37981.944,0.037981944
16,1916,23,31,4.558266,-74.125923,6744.0,174,6890400,185875.4304,1068.2496,77982.2208,0.0779822208,604095.1488,3471.8112,253442.2176,0.2534422176
17,1905,24,26,4.567238,-74.170898,19902.0,261,10335600,822796.4448,3152.4768,592665.6384,0.5926656384,2674088.4456,10245.5496,1926163.3248,1.9261633248
18,1909,24,27,4.567238,-74.161903,1225.0,261,10335600,50644.44,194.04,50256.36,0.05025636,164594.43,630.63,163333.17,0.16333317
19,1915,24,31,4.567238,-74.125923,8338.0,329,13028400,434523.1968,1320.7392,293204.1024,0.2932041024,1412200.3896,4292.4024,952913.3328,0.9529133328
20,1917,24,35,4.567238,-74.089951,2718.0,360,14256000,154991.232,430.5312,33581.4336,0.0335814336,503721.504,1399.2264,109139.6592,0.1091396592
21,1914,24,32,4.567238,-74.116936,350.0,195,7722000,10810.8,55.44,10810.8,0.0108108,35135.1,180.18,35135.1,0.0351351
22,2013,25,31,4.576202,-74.125923,130.0,66,2613600,1359.072,20.592,1359.072,0.001359072,4416.984,66.924,4416.984,0.004416984
23,507,25,34,4.576202,-74.098946,2153.0,289,11444400,98559.1728,341.0352,87305.0112,0.0873050112,320317.3116,1108.3644,283741.2864,0.2837412864
24,507,25,34,4.576202,-74.098946,2153.0,289,11444400,98559.1728,341.0352,87305.0112,0.0873050112,320317.3116,1108.3644,283741.2864,0.2837412864
25,508,25,32,4.576202,-74.116936,6.911,798,31600800,873.5725152,1.0947024,134.6483952,0.0001346483952,2839.1106744,3.5577828,437.6072844,0.0004376072844
26,508,25,32,4.576202,-74.116936,6.911,798,31600800,873.5725152,1.0947024,134.6483952,0.0001346483952,2839.1106744,3.5577828,437.6072844,0.0004376072844
27,2005,25,37,4.576202,-74.07196,8624.75,433,17146800,591547.4532,1366.1604,206290.2204,0.2062902204,1922529.2229,4440.0213,670443.2163,0.6704432163
28,2010,25,33,4.576202,-74.107941,215306.0,348,13780800,11868355.6992,34104.4704,7707610.3104,7.7076103104,38572156.0224,110839.5288,25049733.5088,25.0497335088
29,511,25,25,4.576202,-74.179893,1600.0,87,3445200,22049.28,253.44,22049.28,0.02204928,71660.16,823.68,71660.16,0.07166016
30,2006,26,35,4.585175,-74.089951,42.829,892,35323200,6051.4293312,6.7841136,1770.6536496,0.0017706536496,19667.1453264,22.0483692,5754.6243612,0.0057546243612
31,2017,26,28,4.585175,-74.152908,23345.74,362,14335200,1338663.40819,3697.965216,647143.9128,0.6471439128,4350656.07662,12018.386952,2103217.7166,2.1032177166
32,2008,26,33,4.585175,-74.107941,1663.34,318,12592800,83784.431808,263.473056,12119.760576,0.012119760576,272299.403376,856.287432,39389.221872,0.039389221872
33,2006,26,35,4.585175,-74.089951,24689.27,4693,185842800,18353292.267,3910.780368,1020713.67605,1.02071367605,59648199.8678,12710.036196,3317319.44716,3.31731944716
34,2006,26,35,4.585175,-74.089951,3625.0,440,17424000,252648.0,574.2,76368.6,0.0763686,821106.0,1866.15,248197.95,0.24819795
35,2018,26,27,4.585175,-74.161903,9934.77,955,37818000,1502852.52744,1573.667568,410727.235248,0.410727235248,4884270.71418,5114.419596,1334863.51456,1.33486351456
36,2018,26,27,4.585175,-74.161903,128315.0,1088,43084800,22113704.448,20325.096,5304850.056,5.304850056,71869539.456,66056.562,17240762.682,17.240762682
37,2004,26,36,4.585175,-74.080956,10.0,261,10335600,413.424,1.584,64.944,6.4944e-05,1343.628,5.148,211.068,0.000211068
38,2102,27,27,4.594131,-74.161903,45319.64,765,30294000,5491652.69664,7178.630976,1005008.33664,1.00500833664,17847871.2641,23330.550672,3266277.09408,3.26627709408
39,2116,27,36,4.594131,-74.080956,11192.0,262,10375200,464476.9536,1772.8128,411292.5696,0.4112925696,1509550.0992,5761.6416,1336700.8512,1.3367008512
40,2113,27,33,4.594131,-74.107941,43465.1,258,10216800,1776296.93472,6884.87184,1053385.39152,1.05338539152,5772965.03784,22375.83348,3423502.52244,3.42350252244
41,2113,27,33,4.594131,-74.107941,43465.1,173,6850800,1191082.82832,6884.87184,440631.79776,0.44063179776,3871019.19204,22375.83348,1432053.34272,1.43205334272
42,2111,27,35,4.594131,-74.089951,22.616,723,28630800,2590.0566912,3.5823744,265.0957056,0.0002650957056,8417.6842464,11.6427168,861.5610432,0.0008615610432
43,2107,27,32,4.594131,-74.116936,352.11,140,5544000,7808.39136,55.774224,7808.39136,0.00780839136,25377.27192,181.266228,25377.27192,0.02537727192
44,2105,27,29,4.594131,-74.143913,9211.0,340,13464000,496067.616,1459.0224,369132.6672,0.3691326672,1612219.752,4741.8228,1199681.1684,1.1996811684
45,2113,27,33,4.594131,-74.107941,6885.51,413,16354800,450444.555792,1090.664784,284663.508624,0.284663508624,1463944.80632,3544.660548,925156.403028,0.925156403028
46,2108,27,31,4.594131,-74.125923,2985.23,482,19087200,227918.728224,472.860432,106393.5972,0.1063935972,740735.866728,1536.796404,345779.1909,0.3457791909
47,2115,27,37,4.594131,-74.07196,43500.0,631,24987600,4347842.4,6890.4,1798394.4,1.7983944,14130487.8,22393.8,5844781.8,5.8447818
48,2112,27,34,4.594131,-74.098946,1403.0,119,4712400,26445.9888,222.2352,11778.4656,0.0117784656,85949.4636,722.2644,38280.0132,0.0382800132
49,2101,27,28,4.594131,-74.152908,2000.0,152,6019200,48153.6,316.8,13622.4,0.0136224,156499.2,1029.6,44272.8,0.0442728
50,2115,27,37,4.594131,-74.07196,442.0,143,5662800,10011.8304,70.0128,10011.8304,0.0100118304,32538.4488,227.5416,32538.4488,0.0325384488
51,2116,27,36,4.594131,-74.080956,13054.69,161,6375600,332925.926256,2067.862896,332925.926256,0.332925926256,1082009.26033,6720.554412,1082009.26033,1.08200926033
52,488,28,38,4.603096,-74.062965,3135.46,270,10692000,134097.35328,496.656864,21356.245152,0.021356245152,435816.39816,1614.134808,69407.796744,0.069407796744
53,3,28,36,4.603096,-74.080956,1500.0,157,6217200,37303.2,237.6,25660.8,0.0256608,121235.4,772.2,83397.6,0.0833976
54,2109,28,35,4.603096,-74.089951,1.187,217,8593200,40.8005136,0.1880208,24.442704,2.4442704e-05,132.6016692,0.6110676,79.438788,7.9438788e-05
55,3,28,36,4.603096,-74.080956,29900.0,805,31878000,3812608.8,4736.16,1236137.76,1.23613776,12390978.6,15392.52,4017447.72,4.01744772
56,2114,28,37,4.603096,-74.07196,3400.0,130,5148000,70012.8,538.56,39853.44,0.03985344,227541.6,1750.32,129523.68,0.12952368
57,66,28,34,4.603096,-74.098946,52.0,802,31759200,6605.9136,8.2368,2149.8048,0.0021498048,21469.2192,26.7696,6986.8656,0.0069868656
58,66,28,34,4.603096,-74.098946,8000.0,523,20710800,662745.6,1267.2,261043.2,0.2610432,2153923.2,4118.4,848390.4,0.8483904
59,2114,28,37,4.603096,-74.07196,112846.99,974,38570400,17410214.1724,17874.963216,4665365.39938,4.66536539938,56583196.0602,58093.630452,15162437.548,15.162437548
60,2114,28,37,4.603096,-74.07196,114000.0,510,20196000,9209376.0,18057.6,4713033.6,4.7130336,29930472.0,58687.2,15317359.2,15.3173592
61,2106,28,31,4.603096,-74.125923,6074.0,261,10335600,251113.7376,962.1216,151053.0912,0.1510530912,816119.6472,3126.8952,490922.5464,0.4909225464
62,488,28,38,4.603096,-74.062965,78717.0,149,5900400,1857847.1472,12468.7728,785532.6864,0.7855326864,6038003.2284,40523.5116,2552981.2308,2.5529812308
63,487,28,32,4.603096,-74.116936,29939.0,218,8632800,1033829.5968,4742.3376,796712.7168,0.7967127168,3359946.1896,15412.5972,2589316.3296,2.5893163296
64,2114,28,37,4.603096,-74.07196,19115.65,370,14652000,1120330.0152,3027.91896,432992.41128,0.43299241128,3641072.5494,9840.73662,1407225.33666,1.40722533666
65,2114,28,37,4.603096,-74.07196,5000.0,414,16394400,327888.0,792.0,206712.0,0.206712,1065636.0,2574.0,671814.0,0.671814
66,2196,29,37,4.612068,-74.07196,12167.33,565,22374000,1088927.36568,1927.305072,495317.403504,0.495317403504,3539013.93846,6263.741484,1609781.56139,1.60978156139
67,2196,29,37,4.612068,-74.07196,8243.19,357,14137200,466142.502672,1305.721296,314678.832336,0.314678832336,1514963.13368,4243.594212,1022706.20509,1.02270620509
68,2202,29,33,4.612068,-74.107941,10000.0,262,10375200,415008.0,1584.0,327888.0,0.327888,1348776.0,5148.0,1065636.0,1.065636
69,2211,29,27,4.612068,-74.161903,19.0,802,31759200,2413.6992,3.0096,436.392,0.000436392,7844.5224,9.7812,1418.274,0.001418274
70,2200,29,35,4.612068,-74.089951,7198.92,284,11246400,323847.735552,1140.308928,37630.194624,0.037630194624,1052505.14054,3706.004016,122298.132528,0.122298132528
71,2211,29,27,4.612068,-74.161903,3048.8,343,13582800,165644.96256,482.92992,122664.19968,0.12266419968,538346.12832,1569.52224,398658.64896,0.39865864896
72,2194,29,38,4.612068,-74.062965,7.69,394,15602400,479.929824,1.218096,317.923056,0.000317923056,1559.771928,3.958812,1033.249932,0.001033249932
73,2196,29,37,4.612068,-74.07196,975.0,185,7326000,28571.4,154.44,20694.96,0.02069496,92857.05,501.93,67258.62,0.06725862
74,2196,29,37,4.612068,-74.07196,39980.71,1091,43203600,6909242.41022,6332.944464,1652898.5051,1.6528985051,22455037.8332,20582.069508,5371920.14159,5.37192014159
75,2196,29,37,4.612068,-74.07196,39980.71,1091,43203600,6909242.41022,6332.944464,1652898.5051,1.6528985051,22455037.8332,20582.069508,5371920.14159,5.37192014159
76,2210,29,28,4.612068,-74.152908,32269.55,66,2613600,337358.78352,5111.49672,168679.39176,0.16867939176,1096416.04644,16612.36434,548208.02322,0.54820802322
77,467,30,25,4.621033,-74.179893,5672.7,287,11365200,257885.48016,898.55568,233624.4768,0.2336244768,838127.81052,2920.30596,759279.5496,0.7592795496
78,2215,30,24,4.621033,-74.188889,40831.0,950,37620000,6144248.88,6467.6304,1688051.5344,1.6880515344,19968808.86,21019.7988,5486167.4868,5.4861674868
79,2195,30,37,4.621033,-74.07196,28251.64,262,10375200,1172465.66131,4475.059776,693634.26528,0.69363426528,3810513.39926,14543.944272,2254311.36216,2.25431136216
80,2206,30,29,4.621033,-74.143913,3180.24,208,8236800,104780.003328,503.750016,98231.25312,0.09823125312,340535.010816,1637.187552,319251.57264,0.31925157264
81,461,30,38,4.621033,-74.062965,12000.0,195,7722000,370656.0,1900.8,163468.8,0.1634688,1204632.0,6177.6,531273.6,0.5312736
82,2198,30,35,4.621033,-74.089951,1956.0,261,10335600,80865.7344,309.8304,48953.2032,0.0489532032,262813.6368,1006.9488,159097.9104,0.1590979104
83,2198,30,35,4.621033,-74.089951,35979.82,205,8118000,1168336.71504,5699.203488,1168336.71504,1.16833671504,3797094.32388,18522.411336,3797094.32388,3.79709432388
84,2195,30,37,4.621033,-74.07196,6614.98,391,15483600,409694.817312,1047.812832,67060.021248,0.067060021248,1331508.15626,3405.391704,217945.069056,0.217945069056
85,463,30,34,4.621033,-74.098946,1544.0,606,23997600,148209.1776,244.5696,31060.3392,0.0310603392,481679.8272,794.8512,100946.1024,0.1009461024
86,463,30,34,4.621033,-74.098946,984.75,262,10375200,40867.9128,155.9844,13570.6428,0.0135706428,132820.7166,506.9493,44104.5891,0.0441045891
87,462,30,36,4.621033,-74.080956,43465.1,173,6850800,1191082.82832,6884.87184,1191082.82832,1.19108282832,3871019.19204,22375.83348,3871019.19204,3.87101919204
88,2215,30,24,4.621033,-74.188889,11992.92,292,11563200,554706.130176,1899.678528,433126.704384,0.433126704384,1802794.92307,6173.955216,1407661.78925,1.40766178925
89,464,30,32,4.621033,-74.116936,9630.0,265,10494000,404228.88,1525.392,385924.176,0.385924176,1313743.86,4957.524,1254253.572,1.254253572
90,462,30,36,4.621033,-74.080956,10600.0,172,6811200,288794.88,1679.04,164545.92,0.16454592,938583.36,5456.88,534774.24,0.53477424
91,462,30,36,4.621033,-74.080956,3100.0,262,10375200,128652.48,491.04,113921.28,0.11392128,418120.56,1595.88,370244.16,0.37024416
92,2350,31,38,4.629997,-74.062965,14249.96,219,8672400,494325.412416,2257.193664,376951.341888,0.376951341888,1606557.59035,7335.879408,1225091.86114,1.22509186114
93,2350,31,38,4.629997,-74.062965,10291.0,325,12870000,529780.68,1630.0944,387962.4672,0.3879624672,1721787.21,5297.8068,1260878.0184,1.2608780184
94,2340,31,33,4.629997,-74.107941,14329.0,219,8672400,497067.2784,2269.7136,59012.5536,0.0590125536,1615468.6548,7376.5692,191790.7992,0.1917907992
95,2310,31,24,4.629997,-74.188889,7920.72,304,12038400,381411.182592,1254.642048,273511.966464,0.273511966464,1239586.34342,4077.586656,888913.891008,0.888913891008
96,2345,31,36,4.629997,-74.080956,13599.0,523,20710800,1126584.6768,2154.0816,562215.2976,0.5622152976,3661400.1996,7000.7652,1827199.7172,1.8271997172
97,2316,31,26,4.629997,-74.170898,41855.13,261,10335600,1730391.52651,6629.852592,1730391.52651,1.73039152651,5623772.46116,21547.020924,5623772.46116,5.62377246116
98,2317,31,25,4.629997,-74.179893,22.657,541,21423600,1941.5780208,3.5888688,936.6947568,0.0009366947568,6310.1285676,11.6638236,3044.2579596,0.0030442579596
99,2316,31,26,4.629997,-74.170898,21.219,420,16632000,1411.657632,3.3610896,57.1385232,5.71385232e-05,4587.887304,10.9235412,185.7002004,0.0001857002004
100,2344,31,37,4.629997,-74.07196,7678.83,593,23482800,721281.716496,1216.326672,317461.261392,0.317461261392,2344165.57861,3953.061684,1031749.09952,1.03174909952
101,2339,31,34,4.629997,-74.098946,16746.1,324,12830400,859436.64576,2652.58224,236079.81936,0.23607981936,2793169.09872,8620.89228,767259.41292,0.76725941292
102,2339,31,34,4.629997,-74.098946,16746.1,324,12830400,859436.64576,2652.58224,236079.81936,0.23607981936,2793169.09872,8620.89228,767259.41292,0.76725941292
103,2345,31,36,4.629997,-74.080956,666.63,181,7167600,19112.548752,105.594192,5174.115408,0.005174115408,62115.783444,343.181124,16815.875076,0.016815875076
104,2332,31,31,4.629997,-74.125923,19000.0,173,6850800,520660.8,3009.6,520660.8,0.5206608,1692147.6,9781.2,1692147.6,1.6921476
105,2338,31,35,4.629997,-74.089951,16492.85,523,20710800,1366320.47112,2612.46744,681854.00184,0.68185400184,4440541.53114,8490.51918,2216025.50598,2.21602550598
106,2345,31,36,4.629997,-74.080956,5550.0,338,13384800,297142.56,879.12,165274.56,0.16527456,965713.32,2857.14,537142.32,0.53714232
107,2345,31,36,4.629997,-74.080956,2625.75,309,12236400,128518.9092,415.9188,108554.8068,0.1085548068,417686.4549,1351.7361,352803.1221,0.3528031221
108,2350,31,38,4.629997,-74.062965,2500.0,56,2217600,22176.0,396.0,22176.0,0.022176,72072.0,1287.0,72072.0,0.072072
109,440,32,38,4.638962,-74.062965,8862.86,478,18928800,671053.217472,1403.877024,365008.02624,0.36500802624,2180922.95678,4562.600328,1186276.08528,1.18627608528
110,440,32,38,4.638962,-74.062965,5164.0,383,15166800,313285.4208,817.9776,205312.3776,0.2053123776,1018177.6176,2658.4272,667265.2272,0.6672652272
111,440,32,38,4.638962,-74.062965,2295.0,305,12078000,110876.04,363.528,94517.28,0.09451728,360347.13,1181.466,307181.16,0.30718116
112,439,32,36,4.638962,-74.080956,5452.02,338,13384800,291896.789184,863.599968,162356.793984,0.162356793984,948664.564848,2806.699896,527659.580448,0.527659580448
113,435,32,27,4.638962,-74.161903,74969.0,133,5266800,1579386.9168,11875.0896,130625.9856,0.1306259856,5133007.4796,38594.0412,424534.4532,0.4245344532
114,2337,32,33,4.638962,-74.107941,5.005,9154,362498400,7257.217968,0.792792,206.918712,0.000206918712,23585.958396,2.576574,672.485814,0.000672485814
115,2337,32,33,4.638962,-74.107941,11042.0,513,20314800,897264.0864,1749.0528,97946.9568,0.0979469568,2916108.2808,5684.4216,318327.6096,0.3183276096
116,2325,32,29,4.638962,-74.143913,24194.39,805,31878000,3085075.05768,3832.391376,663003.708048,0.663003708048,10026493.9375,12455.271972,2154762.05116,2.15476205116
117,2343,32,37,4.638962,-74.07196,492.46,545,21582000,42513.08688,78.005664,20359.478304,0.020359478304,138167.53236,253.518408,66168.304488,0.066168304488
118,2336,32,35,4.638962,-74.089951,489.0,70,2772000,5422.032,77.4576,1084.4064,0.0010844064,17621.604,251.7372,3524.3208,0.0035243208
119,2348,32,39,4.638962,-74.05397,700.0,67,2653200,7428.96,110.88,2882.88,0.00288288,24144.12,360.36,9369.36,0.00936936
120,2315,32,26,4.638962,-74.170898,36146.13,249,9860400,1425661.20101,5725.546992,1425661.20101,1.42566120101,4633398.90328,18608.027724,4633398.90328,4.63339890328
121,439,32,36,4.638962,-74.080956,145.97,193,7642800,4462.478064,23.121648,1988.461728,0.001988461728,14503.053708,75.145356,6462.500616,0.006462500616
122,440,32,38,4.638962,-74.062965,4884.34,476,18849600,368271.421056,773.679456,176398.915968,0.176398915968,1196882.11843,2514.458232,573296.476896,0.573296476896
123,440,32,38,4.638962,-74.062965,60.0,17,673200,161.568,9.504,161.568,0.000161568,525.096,30.888,525.096,0.000525096
124,2325,32,29,4.638962,-74.143913,33270.18,1020,40392000,5375396.44224,5269.996512,964409.361696,0.964409361696,17470038.4373,17127.488664,3134330.42551,3.13433042551
125,440,32,38,4.638962,-74.062965,1315.22,475,18810000,98957.1528,208.330848,54374.351328,0.054374351328,321610.7466,677.075256,176716.641816,0.176716641816
126,440,32,38,4.638962,-74.062965,5623.72,259,10256400,230716.487232,890.797248,180831.841344,0.180831841344,749828.583504,2895.091056,587703.484368,0.587703484368
127,437,32,32,4.638962,-74.116936,2852.24,778,30808800,351496.366848,451.794816,74997.939456,0.074997939456,1142363.19226,1468.333152,243743.303232,0.243743303232
128,2330,32,31,4.638962,-74.125923,55760.0,522,20671200,4610504.448,8832.384,1925459.712,1.925459712,14984139.456,28705.248,6257744.064,6.257744064
130,440,32,38,4.638962,-74.062965,1082.05,271,10731600,46448.51112,171.39672,22110.17688,0.02211017688,150957.66114,557.03934,71858.07486,0.07185807486
131,440,32,38,4.638962,-74.062965,2447.65,514,20354400,199281.78864,387.70776,101191.72536,0.10119172536,647665.81308,1260.05022,328873.10742,0.32887310742
132,440,32,38,4.638962,-74.062965,2751.73,216,8553600,94148.790912,435.874032,56227.750128,0.056227750128,305983.570464,1416.590604,182740.187916,0.182740187916
133,2347,33,38,4.647919,-74.062965,6685.57,262,10375200,277456.503456,1058.994288,211798.8576,0.2117988576,901733.636232,3441.731436,688346.2872,0.6883462872
134,2334,33,34,4.647919,-74.098946,63652.86,635,25146000,6402459.27024,10082.613024,2631561.99926,2.63156199926,20807992.6283,32768.492328,8552576.49761,8.55257649761
135,2342,33,36,4.647919,-74.080956,1701.0,41,1623600,11046.9744,269.4384,11046.9744,0.0110469744,35902.6668,875.6748,35902.6668,0.0359026668
136,2346,33,39,4.647919,-74.05397,17585.65,522,20671200,1454065.95312,2785.56696,727032.97656,0.72703297656,4725714.34764,9053.09262,2362857.17382,2.36285717382
137,2342,33,36,4.647919,-74.080956,6482.24,268,10612800,275178.866688,1026.786816,31830.391296,0.031830391296,894331.316736,3337.057152,103448.771712,0.103448771712
138,2319,33,27,4.647919,-74.161903,1200.0,208,8236800,39536.64,190.08,39536.64,0.03953664,128494.08,617.76,128494.08,0.12849408
139,2342,33,36,4.647919,-74.080956,5421.21,390,15444000,334900.66896,858.719664,224125.832304,0.224125832304,1088427.17412,2790.838908,728408.954988,0.728408954988
140,2346,33,39,4.647919,-74.05397,51728.0,1044,41342400,8554238.6688,8193.7152,2138559.6672,2.1385596672,27801275.6736,26629.5744,6950318.9184,6.9503189184
141,2324,33,29,4.647919,-74.143913,63675.48,783,31006800,7897491.49306,10086.196032,2632497.16435,2.63249716435,25666847.3524,32780.137104,8555615.78414,8.55561578414
142,2346,33,39,4.647919,-74.05397,3270.0,461,18255600,238783.248,517.968,125866.224,0.125866224,776045.556,1683.396,409065.228,0.409065228
143,2324,33,29,4.647919,-74.143913,25895.0,568,22492800,2329804.224,4101.768,1070561.448,1.070561448,7571863.728,13330.746,3479324.706,3.479324706
144,2342,33,36,4.647919,-74.080956,3256.82,523,20710800,269805.390624,515.880288,134644.755168,0.134644755168,876867.519528,1676.610936,437595.454296,0.437595454296
145,2313,33,26,4.647919,-74.170898,26665.84,979,38768400,4135167.80582,4223.869056,1102429.82362,1.10242982362,13439295.3689,13727.574432,3582896.92675,3.58289692675
146,2324,33,29,4.647919,-74.143913,26081.23,476,18849600,1966483.01203,4131.266832,264401.077248,0.264401077248,6391069.7891,13426.617204,859303.501056,0.859303501056
147,2314,33,25,4.647919,-74.179893,13084.06,282,11167200,584449.259328,2072.515104,223831.631232,0.223831631232,1899460.09282,6735.674088,727452.801504,0.727452801504
148,2347,33,38,4.647919,-74.062965,6436.0,409,16196400,416960.1216,1019.4624,266079.6864,0.2660796864,1355120.3952,3313.2528,864758.9808,0.8647589808
149,2324,33,29,4.647919,-74.143913,129778.69,522,20671200,10730725.0269,20556.944496,5365362.51346,5.36536251346,34874856.3375,66810.069612,17437428.1687,17.4374281687
150,2341,33,37,4.647919,-74.07196,6232.0,386,15285600,381039.4368,987.1488,199404.0576,0.1994040576,1238378.1696,3208.2336,648063.1872,0.6480631872
151,2342,33,36,4.647919,-74.080956,1738.65,523,20710800,144035.32968,275.40216,71879.96376,0.07187996376,468114.82146,895.05702,233609.88222,0.23360988222
152,2346,33,39,4.647919,-74.05397,2316.73,230,9108000,84403.10736,366.970032,84403.10736,0.08440310736,274310.09892,1192.652604,274310.09892,0.27431009892
153,2346,33,39,4.647919,-74.05397,4117.54,348,13780800,226971.980928,652.218336,142183.597248,0.142183597248,737658.938016,2119.709592,462096.691056,0.462096691056
154,2334,33,34,4.647919,-74.098946,17305.0,252,9979200,690760.224,2741.112,690760.224,0.690760224,2244970.728,8908.614,2244970.728,2.244970728
155,2347,33,38,4.647919,-74.062965,15668.43,521,20631600,1293059.12155,2481.879312,647770.500432,0.647770500432,4202442.14504,8066.107764,2105254.1264,2.1052541264
156,2324,33,29,4.647919,-74.143913,8450.0,131,5187600,175340.88,1338.48,50862.24,0.05086224,569857.86,4350.06,165302.28,0.16530228
157,2347,33,38,4.647919,-74.062965,15668.43,413,16354800,1025016.15586,2481.879312,590687.276256,0.590687276256,3331302.50653,8066.107764,1919733.64783,1.91973364783
158,2346,33,39,4.647919,-74.05397,16846.0,165,6534000,440287.056,2668.4064,304198.3296,0.3041983296,1430932.932,8672.3208,988644.5712,0.9886445712
159,2313,33,26,4.647919,-74.170898,134.737,805,31878000,17180.584344,21.3423408,5570.3509488,0.0055703509488,55836.899118,69.3626076,18103.6405836,0.0181036405836
160,2346,33,39,4.647919,-74.05397,16845.0,543,21502800,1448858.664,2668.248,397568.952,0.397568952,4708790.658,8671.806,1292099.094,1.292099094
161,411,34,38,4.656898,-74.062965,795.04,185,7326000,23297.85216,125.934336,20527.296768,0.020527296768,75718.01952,409.286592,66713.714496,0.066713714496
162,411,34,38,4.656898,-74.062965,9152.0,456,18057600,661052.6208,1449.6768,378365.6448,0.3783656448,2148421.0176,4711.4496,1229688.3456,1.2296883456
163,74,34,36,4.656898,-74.080956,5542.0,141,5583600,123777.2448,877.8528,56182.5792,0.0561825792,402276.0456,2853.0216,182593.3824,0.1825933824
164,2465,34,28,4.656898,-74.152908,23958.1,580,22968000,2201078.5632,3794.96304,990485.35344,0.99048535344,7153505.3304,12333.62988,3219077.39868,3.21907739868
165,2465,34,28,4.656898,-74.152908,26515.4,630,24948000,2646024.7968,4200.03936,1096210.27296,1.09621027296,8599580.5896,13650.12792,3562683.38712,3.56268338712
166,2465,34,28,4.656898,-74.152908,34477.92,832,32947200,4543803.7033,5461.302528,1425399.95981,1.42539995981,14767362.0357,17749.233216,4632549.86938,4.63254986938
167,2465,34,28,4.656898,-74.152908,22965.47,324,12830400,1178624.66515,3637.730448,734821.550496,0.734821550496,3830530.16174,11822.623956,2388170.03911,2.38817003911
168,2448,34,39,4.656898,-74.05397,4084.04,345,13662000,223184.61792,646.911936,88626.935232,0.088626935232,725350.00824,2102.463792,288037.539504,0.288037539504
169,2465,34,28,4.656898,-74.152908,20917.71,525,20790000,1739516.7636,3313.365264,864788.333904,0.864788333904,5653429.4817,10768.437108,2810562.08519,2.81056208519
170,2448,34,39,4.656898,-74.05397,4274.0,587,23245200,397399.9392,677.0016,176697.4176,0.1766974176,1291549.8024,2200.2552,574266.6072,0.5742666072
171,2459,34,31,4.656898,-74.125923,58523.93,694,27482400,6433512.21533,9270.190512,2419519.72363,2.41951972363,20908914.6998,30128.119164,7863439.1018,7.8634391018
172,2448,34,39,4.656898,-74.05397,260.0,115,4554000,4736.16,41.184,4736.16,0.00473616,15392.52,133.848,15392.52,0.01539252
173,2445,34,40,4.656898,-74.044975,465359.0,334,13226400,24620097.1104,73712.8656,17543662.0128,17.5436620128,80015315.6088,239566.8132,57016901.5416,57.0169015416
174,2445,34,40,4.656898,-74.044975,4274.0,478,18928800,323606.7648,677.0016,176697.4176,0.1766974176,1051721.9856,2200.2552,574266.6072,0.5742666072
175,2456,34,33,4.656898,-74.107941,55760.0,587,23245200,5184609.408,8832.384,2305252.224,2.305252224,16849980.576,28705.248,7492069.728,7.492069728
176,413,34,32,4.656898,-74.116936,38776.47,179,7088400,1099452.51979,6142.192848,792342.877392,0.792342877392,3573220.68932,19962.126756,2575114.35152,2.57511435152
177,413,34,32,4.656898,-74.116936,38776.47,179,7088400,1099452.51979,6142.192848,792342.877392,0.792342877392,3573220.68932,19962.126756,2575114.35152,2.57511435152
178,74,34,36,4.656898,-74.080956,4501.0,543,21502800,387136.4112,712.9584,186082.1424,0.1860821424,1258193.3364,2317.1148,604766.9628,0.6047669628
179,2445,34,40,4.656898,-74.044975,29831.17,611,24195600,2887132.22741,4725.257328,1233292.16261,1.23329216261,9383179.73908,15357.086316,4008199.52848,4.00819952848
180,413,34,32,4.656898,-74.116936,24878.63,491,19443600,1934920.52107,3940.774992,1012779.17294,1.01277917294,6288491.69348,12807.518724,3291532.31207,3.29153231207
181,2456,34,33,4.656898,-74.107941,6012.99,521,20631600,496230.417936,952.457616,248591.437776,0.248591437776,1612748.85829,3095.487252,807922.172772,0.807922172772
182,2448,34,39,4.656898,-74.05397,23385.83,542,21463200,2007738.98582,3704.315472,881627.082336,0.881627082336,6525151.70393,12039.025284,2865288.01759,2.86528801759
183,2446,35,39,4.665855,-74.05397,1016.37,196,7761600,31554.629568,160.993008,24792.923232,0.024792923232,102552.546096,523.227276,80577.000504,0.080577000504
184,2446,35,39,4.665855,-74.05397,1016.37,196,7761600,31554.629568,160.993008,24792.923232,0.024792923232,102552.546096,523.227276,80577.000504,0.080577000504
185,2446,35,39,4.665855,-74.05397,11931.13,654,25898400,1235988.70877,1889.890992,493261.548912,0.493261548912,4016963.3035,6142.145724,1603100.03396,1.60310003396
186,2444,35,40,4.665855,-74.044975,9434.45,617,24433200,922055.21496,1494.41688,390042.80568,0.39004280568,2996679.44862,4856.85486,1267639.11846,1.26763911846
187,2444,35,40,4.665855,-74.044975,1873.05,304,12038400,90194.10048,296.69112,57854.7684,0.0578547684,293130.82656,964.24614,188027.9973,0.1880279973
188,2446,35,39,4.665855,-74.05397,3055.62,523,20710800,253137.338784,484.010208,126326.664288,0.126326664288,822696.351048,1573.033176,410561.658936,0.410561658936
189,2460,35,30,4.665855,-74.134918,24396.19,584,23126400,2256784.19366,3864.356496,1008597.04546,1.00859704546,7334548.62941,12559.158612,3277940.39773,3.27794039773
190,2457,35,32,4.665855,-74.116936,17603.0,303,11998800,844859.5056,2788.3152,195182.064,0.195182064,2745793.3932,9062.0244,634341.708,0.634341708
191,2457,35,32,4.665855,-74.116936,39435.53,783,31006800,4891078.36642,6246.587952,1630359.45547,1.63035945547,15896004.6909,20301.410844,5298668.23028,5.29866823028
192,2447,35,38,4.665855,-74.062965,6359.79,335,13266000,337475.89656,1007.390736,174278.597328,0.174278597328,1096796.66382,3274.019892,566405.441316,0.566405441316
193,2457,35,32,4.665855,-74.116936,15472.69,405,16038000,992604.00888,2450.874096,639678.139056,0.639678139056,3225963.02886,7965.340812,2078953.95193,2.07895395193
194,2446,35,39,4.665855,-74.05397,2968.0,360,14256000,169247.232,470.1312,20215.6416,0.0202156416,550053.504,1527.9264,65700.8352,0.0657008352
195,2444,35,40,4.665855,-74.044975,23909.56,1565,61974000,5927084.28576,3787.274304,3787.274304,0.003787274304,19263023.9287,12308.641488,12308.641488,0.012308641488
196,2444,35,40,4.665855,-74.044975,5.564,509,20156400,448.6008384,0.8813376,229.147776,0.000229147776,1457.9527248,2.8643472,744.730272,0.000744730272
197,2444,35,40,4.665855,-74.044975,327727.0,155,6138000,8046353.304,51911.9568,8046353.304,8.046353304,26150648.238,168713.8596,26150648.238,26.150648238
198,2449,35,37,4.665855,-74.07196,439859.0,309,12236400,21529162.6704,69673.6656,7803450.5472,7.8034505472,69969778.6788,226439.4132,25361214.2784,25.3612142784
199,2454,35,33,4.665855,-74.107941,21413.97,523,20710800,1774001.7995,3391.972848,885304.913328,0.885304913328,5765505.84839,11023.911756,2877240.96832,2.87724096832
200,2446,35,39,4.665855,-74.05397,1180.92,523,20710800,97831.191744,187.057728,44519.739264,0.044519739264,317951.373168,607.937616,144689.152608,0.144689152608
201,2446,35,39,4.665855,-74.05397,38498.0,782,30967200,4768701.0624,6098.0832,1591599.7152,1.5915997152,15498278.4528,19818.7704,5172699.0744,5.1726990744
202,2446,35,39,4.665855,-74.05397,3500.0,459,18176400,254469.6,554.4,140263.2,0.1402632,827026.2,1801.8,455855.4,0.4558554
203,2446,35,39,4.665855,-74.05397,11577.4,523,20710800,959108.86368,1833.86016,478637.50176,0.47863750176,3117103.80696,5960.04552,1555571.88072,1.55557188072
204,2446,35,39,4.665855,-74.05397,11577.4,522,20671200,957275.00352,1833.86016,478637.50176,0.47863750176,3111143.76144,5960.04552,1555571.88072,1.55557188072
205,2454,35,33,4.665855,-74.107941,1271.99,261,10335600,52587.119376,201.483216,43923.341088,0.043923341088,170908.137972,654.820452,142750.858536,0.142750858536
206,2446,35,39,4.665855,-74.05397,12387.53,598,23680800,1173386.4817,1962.184752,43168.064544,0.043168064544,3813506.06551,6377.100444,140296.209768,0.140296209768
207,2447,35,38,4.665855,-74.062965,6920.0,510,20196000,559025.28,1096.128,178668.864,0.178668864,1816832.16,3562.416,580673.808,0.580673808
208,2446,35,39,4.665855,-74.05397,7480.0,449,17780400,531989.568,1184.832,222748.416,0.222748416,1728966.096,3850.704,723932.352,0.723932352
209,2457,35,32,4.665855,-74.116936,1700.3,283,11206800,76219.68816,269.32752,55481.46912,0.05548146912,247713.98652,875.31444,180314.77464,0.18031477464
210,2461,35,29,4.665855,-74.143913,17320.37,319,12632400,875191.367952,2743.546608,293559.487056,0.293559487056,2844371.94584,8916.526476,954068.332932,0.954068332932
211,2446,35,39,4.665855,-74.05397,9303.03,490,19404000,722063.97648,1473.599952,319771.189584,0.319771189584,2346707.92356,4789.199844,1039256.36615,1.03925636615
212,2457,35,32,4.665855,-74.116936,21849.0,695,27522000,2405312.712,3460.8816,903290.0976,0.9032900976,7817266.314,11247.8652,2935692.8172,2.9356928172
213,2565,36,39,4.67482,-74.05397,9114.46,274,10850400,395582.147136,1443.730464,255540.292128,0.255540292128,1285641.97819,4692.124008,830505.949416,0.830505949416
214,2568,36,40,4.67482,-74.044975,2317.56,370,14652000,135827.55648,367.101504,95813.492544,0.095813492544,441439.55856,1193.079888,311393.850768,0.311393850768
215,2568,36,40,4.67482,-74.044975,1329.55,413,16354800,86978.09736,210.60072,54966.78792,0.05496678792,282678.81642,684.45234,178642.06074,0.17864206074
216,2565,36,39,4.67482,-74.05397,4052.0,393,15562800,252241.8624,641.8368,127083.6864,0.1270836864,819786.0528,2085.9696,413021.9808,0.4130219808
217,2565,36,39,4.67482,-74.05397,4052.43,398,15760800,255478.154976,641.904912,130306.697136,0.130306697136,830304.003672,2086.190964,423496.765692,0.423496765692
218,393,36,34,4.67482,-74.098946,497.22,173,6850800,13625.419104,78.759648,13625.419104,0.013625419104,44282.612088,255.968856,44282.612088,0.044282612088
219,2565,36,39,4.67482,-74.05397,7109.5,524,20750400,590099.8752,1126.1448,280410.0552,0.2804100552,1917824.5944,3659.9706,911332.6794,0.9113326794
220,2565,36,39,4.67482,-74.05397,2938.94,407,16117200,189469.935072,465.528096,108933.574464,0.108933574464,615777.288984,1512.966312,354034.117008,0.354034117008
221,2565,36,39,4.67482,-74.05397,1790.0,374,14810400,106042.464,283.536,6237.792,0.006237792,344638.008,921.492,20272.824,0.020272824
222,394,36,38,4.67482,-74.062965,7050.0,456,18057600,509224.32,1116.72,291463.92,0.29146392,1654979.04,3629.34,947257.74,0.94725774
223,2554,36,31,4.67482,-74.125923,17366.0,316,12513600,869244.7104,2750.7744,118283.2992,0.1182832992,2825045.3088,8940.0168,384420.7224,0.3844207224
224,2565,36,39,4.67482,-74.05397,6351.0,517,20473200,520101.1728,1005.9984,262565.5824,0.2625655824,1690328.8116,3269.4948,853338.1428,0.8533381428
225,393,36,34,4.67482,-74.098946,11116.0,452,17899200,795870.0288,1760.7744,459562.1184,0.4595621184,2586577.5936,5722.5168,1493576.8848,1.4935768848
226,14,36,36,4.67482,-74.080956,20531.86,685,27126000,2227788.93744,3252.246624,708989.764032,0.708989764032,7240314.04668,10569.801528,2304216.7331,2.3042167331
227,2568,36,40,4.67482,-74.044975,8543.08,415,16434000,561587.90688,1353.223872,295002.804096,0.295002804096,1825160.69736,4397.977584,958759.113312,0.958759113312
228,2568,36,40,4.67482,-74.044975,2963.76,370,14652000,173700.04608,469.459584,122528.951424,0.122528951424,564525.14976,1525.743648,398219.092128,0.398219092128
229,2565,36,39,4.67482,-74.05397,5.332,349,13820400,294.7614912,0.8445888,21.11472,2.111472e-05,957.9748464,2.7449136,68.62284,6.862284e-05
230,2565,36,39,4.67482,-74.05397,5.332,349,13820400,294.7614912,0.8445888,21.11472,2.111472e-05,957.9748464,2.7449136,68.62284,6.862284e-05
231,2565,36,39,4.67482,-74.05397,3093.0,318,12592800,155798.1216,489.9312,127872.0432,0.1278720432,506343.8952,1592.2764,415584.1404,0.4155841404
232,2565,36,39,4.67482,-74.05397,9.876,514,20354400,804.0802176,1.5643584,168.9507072,0.0001689507072,2613.2607072,5.0841648,549.0897984,0.0005490897984
233,2562,36,37,4.67482,-74.07196,2955.0,85,3366000,39786.12,468.072,39786.12,0.03978612,129304.89,1521.234,129304.89,0.12930489
234,2565,36,39,4.67482,-74.05397,21818.0,561,22215600,1938799.8432,3455.9712,902008.4832,0.9020084832,6301099.4904,11231.9064,2931527.5704,2.9315275704
235,2565,36,39,4.67482,-74.05397,936359.0,408,16156800,60514260.3648,148319.2656,38711328.3216,38.7113283216,196671346.186,482037.6132,125811817.045,125.811817045
236,2568,36,40,4.67482,-74.044975,6017.0,443,17542800,422220.1104,953.0928,236367.0144,0.2363670144,1372215.3588,3097.5516,768192.7968,0.7681927968
237,2559,36,33,4.67482,-74.107941,26498.58,420,16632000,1762897.53024,4197.375072,936014.641056,0.936014641056,5729416.97328,13641.468984,3042047.58343,3.04204758343
238,2565,36,39,4.67482,-74.05397,9203.04,500,19800000,728880.768,1457.761536,317792.014848,0.317792014848,2368862.496,4737.724992,1032824.04826,1.03282404826
239,2565,36,39,4.67482,-74.05397,582.0,136,5385600,12537.6768,92.1888,12537.6768,0.0125376768,40747.4496,299.6136,40747.4496,0.0407474496
240,2554,36,31,4.67482,-74.125923,3691.56,100,3960000,58474.3104,584.743104,13449.091392,0.013449091392,190041.5088,1900.415088,43709.547024,0.043709547024
241,2565,36,39,4.67482,-74.05397,10273.24,456,18057600,742040.234496,1627.281216,424720.397376,0.424720397376,2411630.76211,5288.663952,1380341.29147,1.38034129147
242,2568,36,40,4.67482,-74.044975,11.0,783,31006800,1364.2992,1.7424,294.4656,0.0002944656,4433.9724,5.6628,957.0132,0.0009570132
243,2559,36,33,4.67482,-74.107941,36209.43,511,20235600,2930878.16683,5735.573712,367076.717568,0.367076717568,9525354.0422,18640.614564,1192999.3321,1.1929993321
244,2565,36,39,4.67482,-74.05397,3920.0,284,11246400,176343.552,620.928,20490.624,0.020490624,573116.544,2018.016,66594.528,0.066594528
245,2565,36,39,4.67482,-74.05397,10.187,393,15562800,634.1529744,1.6136208,421.1550288,0.0004211550288,2060.9971668,5.2442676,1368.7538436,0.0013687538436
246,2565,36,39,4.67482,-74.05397,4527.23,388,15364800,278239.934016,717.113232,61671.737952,0.061671737952,904279.785552,2330.618004,200433.148344,0.200433148344
247,2551,36,29,4.67482,-74.143913,2579.86,240,9504000,98075.95776,408.649824,44134.180992,0.044134180992,318746.86272,1328.111928,143436.088224,0.143436088224
248,2565,36,39,4.67482,-74.05397,27.0,358,14176800,1531.0944,4.2768,1086.3072,0.0010863072,4976.0568,13.8996,3530.4984,0.0035304984
249,2565,36,39,4.67482,-74.05397,2933.84,522,20671200,242583.973632,464.720256,121291.986816,0.121291986816,788397.914304,1510.340832,394198.957152,0.394198957152
250,2568,36,40,4.67482,-74.044975,3822.51,929,36788400,562496.107536,605.485584,38751.077376,0.038751077376,1828112.34949,1967.828148,125941.001472,0.125941001472
251,393,36,34,4.67482,-74.098946,76.32,367,14533200,4436.695296,12.089088,2091.412224,0.002091412224,14419.259712,39.289536,6797.089728,0.006797089728
252,395,36,41,4.67482,-74.03598,7160.0,523,20710800,593157.312,1134.144,269926.272,0.269926272,1927761.264,3685.968,877260.384,0.877260384
253,2568,36,40,4.67482,-74.044975,12271.9,451,17859600,876684.90096,1943.86896,507349.79856,0.50734979856,2849225.92812,6317.57412,1648886.84532,1.64888684532
254,392,36,32,4.67482,-74.116936,41122.0,427,16909200,2781360.4896,6513.7248,651372.48,0.65137248,9039421.5912,21169.6056,2116960.56,2.11696056
255,2553,37,31,4.683784,-74.125923,141788.0,877,34729200,19696735.2384,22459.2192,3436260.5376,3.4362605376,64014389.5248,72992.4624,11167846.7472,11.1678467472
256,2561,37,36,4.683784,-74.080956,38311.58,386,15285600,2342461.94899,6068.554272,655403.861376,0.655403861376,7613001.33422,19722.801384,2130062.54947,2.13006254947
257,2563,37,39,4.683784,-74.05397,13390.22,511,20235600,1083836.54333,2121.010848,273610.399392,0.273610399392,3522468.76582,6893.285256,889233.798024,0.889233798024
258,2564,37,38,4.683784,-74.062965,2845.0,250,9900000,112662.0,450.648,112662.0,0.112662,366151.5,1464.606,366151.5,0.3661515
259,2567,37,40,4.683784,-74.044975,5449.47,523,20710800,451451.533104,863.196048,225294.168528,0.225294168528,1467217.48259,2805.387156,732206.047716,0.732206047716
260,2567,37,40,4.683784,-74.044975,18104.0,534,21146400,1531337.7024,2867.6736,725521.4208,0.7255214208,4976847.5328,9319.9392,2357944.6176,2.3579446176
261,2564,37,38,4.683784,-74.062965,2425.0,740,29304000,284248.8,384.12,79128.72,0.07912872,923808.6,1248.39,257168.34,0.25716834
262,2567,37,40,4.683784,-74.044975,10256.7,523,20710800,849697.84944,1624.66128,411039.30384,0.41103930384,2761518.01068,5280.14916,1335877.73748,1.33587773748
263,2567,37,40,4.683784,-74.044975,9661.0,492,19483200,752908.7808,1530.3024,287696.8512,0.2876968512,2446953.5376,4973.4828,935014.7664,0.9350147664
264,2543,37,26,4.683784,-74.170898,20402.0,320,12672000,1034136.576,3231.6768,542921.7024,0.5429217024,3360943.872,10502.9496,1764495.5328,1.7644955328
265,2553,37,31,4.683784,-74.125923,9449.0,371,14691600,555283.7136,1496.7216,378670.5648,0.3786705648,1804672.0692,4864.3452,1230679.3356,1.2306793356
266,2563,37,39,4.683784,-74.05397,97200.0,610,24156000,9391852.8,15396.48,1893767.04,1.89376704,30523521.6,50038.56,6154742.88,6.15474288
267,2564,37,38,4.683784,-74.062965,3180.16,348,13780800,175300.595712,503.737344,21660.705792,0.021660705792,569726.936064,1637.146368,70397.293824,0.070397293824
268,2563,37,39,4.683784,-74.05397,13.492,412,16315200,880.4987136,2.1371328,557.7916608,0.0005577916608,2861.6208192,6.9456816,1812.8228976,0.0018128228976
269,2563,37,39,4.683784,-74.05397,8947.66,397,15721200,562671.809568,1417.309344,99211.65408,0.09921165408,1828683.3811,4606.255368,322437.87576,0.32243787576
270,2563,37,39,4.683784,-74.05397,95843.37,1217,48193200,18475994.7963,15181.589808,3962394.93989,3.96239493989,60046983.0881,49340.166876,12877783.5546,12.8777835546
271,2563,37,39,4.683784,-74.05397,8139.0,423,16750800,545339.0448,1289.2176,336485.7936,0.3364857936,1772351.8956,4189.9572,1093578.8292,1.0935788292
272,2564,37,38,4.683784,-74.062965,3428.98,433,17146800,235184.137056,543.150432,136330.758432,0.136330758432,764348.445432,1765.238904,443074.964904,0.443074964904
273,2564,37,38,4.683784,-74.062965,7496.22,536,21225600,636447.068928,1187.401248,258853.472064,0.258853472064,2068452.97402,3859.054056,841273.784208,0.841273784208
274,2567,37,40,4.683784,-74.044975,5450.98,523,20710800,451576.626336,863.435232,209814.761376,0.209814761376,1467624.03559,2806.164504,681897.974472,0.681897974472
275,2564,37,38,4.683784,-74.062965,3805.11,782,30967200,471334.409568,602.729424,13862.776752,0.013862776752,1531836.8311,1958.870628,45054.024444,0.045054024444
276,2563,37,39,4.683784,-74.05397,45966.76,586,23205600,4266744.98342,7281.134784,1259636.31763,1.25963631763,13866921.1961,23663.688048,4093818.0323,4.0938180323
277,2552,37,32,4.683784,-74.116936,30175.99,313,12394800,1496101.44341,4779.876816,157735.934928,0.157735934928,4862329.69108,15534.599652,512641.788516,0.512641788516
278,2553,37,31,4.683784,-74.125923,6400.0,183,7246800,185518.08,1013.76,185518.08,0.18551808,602933.76,3294.72,602933.76,0.60293376
279,2566,37,41,4.683784,-74.03598,15781.0,235,9306000,587431.944,2499.7104,587431.944,0.587431944,1909153.818,8124.0588,1909153.818,1.909153818
280,2552,37,32,4.683784,-74.116936,11594.53,176,6969600,323236.945152,1836.573552,42241.191696,0.042241191696,1050520.07174,5968.864044,137283.873012,0.137283873012
281,2552,37,32,4.683784,-74.116936,47825.81,464,18374400,3515082.25306,7575.608304,484838.931456,0.484838931456,11424017.3224,24620.726988,1575726.52723,1.57572652723
282,2563,37,39,4.683784,-74.05397,3283.76,336,13305600,174769.588224,520.147584,118593.649152,0.118593649152,568001.161728,1690.479648,385429.359744,0.385429359744
283,2567,37,40,4.683784,-74.044975,6436.0,417,16513200,425115.8208,1019.4624,246709.9008,0.2467099008,1381626.4176,3313.2528,801807.1776,0.8018071776
284,2564,37,38,4.683784,-74.062965,3232.36,270,10692000,138241.57248,512.005824,116737.327872,0.116737327872,449285.11056,1664.018928,379396.315584,0.379396315584
285,2567,37,40,4.683784,-74.044975,15690.0,436,17265600,1083589.056,2485.296,648662.256,0.648662256,3521664.432,8077.212,2108152.332,2.108152332
286,2563,37,39,4.683784,-74.05397,10364.0,486,19245600,797845.5936,1641.6576,408772.7424,0.4087727424,2592998.1792,5335.3872,1328511.4128,1.3285114128
287,2567,37,40,4.683784,-74.044975,2612.0,283,11206800,117088.6464,413.7408,107986.3488,0.1079863488,380538.1008,1344.6576,350955.6336,0.3509556336
288,2567,37,40,4.683784,-74.044975,12000.0,392,15523200,745113.6,1900.8,370656.0,0.370656,2421619.2,6177.6,1204632.0,1.204632
289,2567,37,40,4.683784,-74.044975,10207.6,523,20710800,845630.24832,1616.88384,422006.68224,0.42200668224,2748298.30704,5254.87248,1371521.71728,1.37152171728
290,2567,37,40,4.683784,-74.044975,2646.0,183,7246800,76700.1312,419.1264,76700.1312,0.0767001312,249275.4264,1362.1608,249275.4264,0.2492754264
291,2567,37,40,4.683784,-74.044975,15784.0,235,9306000,587543.616,2500.1856,587543.616,0.587543616,1909516.752,8125.6032,1909516.752,1.909516752
292,2563,37,39,4.683784,-74.05397,10744.53,611,24195600,1039881.40027,1701.933552,444204.657072,0.444204657072,3379614.55088,5531.284044,1443665.13548,1.44366513548
293,2567,37,40,4.683784,-74.044975,9937.47,385,15246000,606026.67048,1574.095248,185743.239264,0.185743239264,1969586.67906,5115.809556,603665.527608,0.603665527608
294,2564,37,38,4.683784,-74.062965,3183.0,224,8870400,112937.9328,504.1872,67561.0848,0.0675610848,367048.2816,1638.6084,219573.5256,0.2195735256
295,2567,37,40,4.683784,-74.044975,2069.0,405,16038000,132730.488,327.7296,85537.4256,0.0855374256,431374.086,1065.1212,277996.6332,0.2779966332
296,2563,37,39,4.683784,-74.05397,10434.34,250,9900000,413199.864,1652.799456,165279.9456,0.1652799456,1342899.558,5371.598232,537159.8232,0.5371598232
297,2567,37,40,4.683784,-74.044975,2083.62,356,14097600,117496.165248,330.045408,7591.044384,0.007591044384,381862.537056,1072.647576,24670.894248,0.024670894248
298,2567,37,40,4.683784,-74.044975,3074.61,370,14652000,180196.74288,487.018224,127111.756464,0.127111756464,585639.41436,1582.809228,413113.208508,0.413113208508
299,2564,37,38,4.683784,-74.062965,3125.0,401,15879600,198495.0,495.0,112860.0,0.11286,645108.75,1608.75,366795.0,0.366795
300,2563,37,39,4.683784,-74.05397,9111.51,408,16156800,588851.379072,1443.263184,31751.790048,0.031751790048,1913766.98198,4690.605348,103193.317656,0.103193317656
301,2564,37,38,4.683784,-74.062965,3171.61,163,6454800,81888.432912,502.383024,81888.432912,0.081888432912,266137.406964,1632.744828,266137.406964,0.266137406964
302,2566,37,41,4.683784,-74.03598,4200.0,173,6850800,115093.44,665.28,115093.44,0.11509344,374053.68,2162.16,374053.68,0.37405368
303,2553,37,31,4.683784,-74.125923,4860.0,175,6930000,134719.2,769.824,134719.2,0.1347192,437837.4,2501.928,437837.4,0.4378374
304,2567,37,40,4.683784,-74.044975,2920.5,302,11959200,139707.3744,462.6072,29606.8608,0.0296068608,454048.9668,1503.4734,96222.2976,0.0962222976
305,2639,38,39,4.692757,-74.05397,2886.0,392,15523200,179199.8208,457.1424,53485.6608,0.0534856608,582399.4176,1485.7128,173828.3976,0.1738283976
306,2639,38,39,4.692757,-74.05397,2707.23,390,15444000,167241.84048,428.825232,111923.385552,0.111923385552,543535.98156,1393.682004,363751.003044,0.363751003044
307,2639,38,39,4.692757,-74.05397,3025.6,137,5425200,65657.94048,479.25504,30672.32256,0.03067232256,213388.30656,1557.57888,99685.04832,0.09968504832
308,2637,38,40,4.692757,-74.044975,7251.79,361,14295600,414674.756496,1148.683536,299806.402896,0.299806402896,1347692.95861,3733.221492,974370.809412,0.974370809412
309,2637,38,40,4.692757,-74.044975,5024.55,380,15048000,302437.7136,795.88872,207726.95592,0.20772695592,982922.5692,2586.63834,675112.60674,0.67511260674
310,2639,38,39,4.692757,-74.05397,8.308,387,15325200,509.2870464,1.3159872,169.7623488,0.0001697623488,1655.1829008,4.2769584,551.7276336,0.0005517276336
311,2639,38,39,4.692757,-74.05397,8.308,387,15325200,509.2870464,1.3159872,169.7623488,0.0001697623488,1655.1829008,4.2769584,551.7276336,0.0005517276336
312,2637,38,40,4.692757,-74.044975,6333.16,403,15958800,404278.535232,1003.172544,208659.889152,0.208659889152,1313905.2395,3260.310768,678144.639744,0.678144639744
313,2639,38,39,4.692757,-74.05397,3113.84,302,11959200,148956.141312,493.232256,31566.864384,0.031566864384,484107.459264,1603.004832,102592.309248,0.102592309248
314,2640,38,38,4.692757,-74.062965,3108.78,279,11048400,137388.179808,492.430752,74849.474304,0.074849474304,446511.584376,1600.399944,243260.791488,0.243260791488
315,2637,38,40,4.692757,-74.044975,5670.17,347,13741200,311659.760016,898.154928,176038.365888,0.176038365888,1012894.22005,2919.003516,572124.689136,0.572124689136
316,2637,38,40,4.692757,-74.044975,5551.07,462,18295200,406231.743456,879.289488,222460.240464,0.222460240464,1320253.16623,2857.690836,722995.781508,0.722995781508
317,2637,38,40,4.692757,-74.044975,1785.3,314,12434400,88796.53728,282.79152,42984.31104,0.04298431104,288588.74616,919.07244,139699.01088,0.13969901088
318,2640,38,38,4.692757,-74.062965,1799.0,283,11206800,80644.1328,284.9616,61836.6672,0.0618366672,262093.4316,926.1252,200969.1684,0.2009691684
319,2640,38,38,4.692757,-74.062965,1799.0,283,11206800,80644.1328,284.9616,61836.6672,0.0618366672,262093.4316,926.1252,200969.1684,0.2009691684
320,2639,38,39,4.692757,-74.05397,3956.0,411,16275600,257545.0944,626.6304,163550.5344,0.1635505344,837021.5568,2036.5488,531539.2368,0.5315392368
321,2639,38,39,4.692757,-74.05397,3956.0,411,16275600,257545.0944,626.6304,163550.5344,0.1635505344,837021.5568,2036.5488,531539.2368,0.5315392368
322,2636,38,41,4.692757,-74.03598,37926.0,244,9662400,1465824.7296,6007.4784,528658.0992,0.5286580992,4763930.3712,19524.3048,1718138.8224,1.7181388224
323,2653,38,30,4.692757,-74.134918,845000.0,1964,77774400,262877472.0,133848.0,20344896.0,20.344896,854351784.0,435006.0,66120912.0,66.120912
324,2640,38,38,4.692757,-74.062965,2662.53,275,10890000,115979.8068,421.744752,108388.401264,0.108388401264,376934.3721,1370.670444,352262.304108,0.352262304108
325,2639,38,39,4.692757,-74.05397,2033.83,192,7603200,61854.465024,322.158672,29960.756496,0.029960756496,201027.011328,1047.015684,97372.458612,0.097372458612
326,2639,38,39,4.692757,-74.05397,4970.53,382,15127200,300760.805664,787.331952,204706.30752,0.20470630752,977472.618408,2558.828844,665295.49944,0.66529549944
327,2639,38,39,4.692757,-74.05397,2322.05,400,15840000,147125.088,367.81272,95999.11992,0.09599911992,478156.536,1195.39134,311997.13974,0.31199713974
328,2639,38,39,4.692757,-74.05397,9094.21,477,18889200,687129.406128,1440.522864,342844.441632,0.342844441632,2233170.56992,4681.699308,1114244.4353,1.1142444353
329,2640,38,38,4.692757,-74.062965,1787.06,379,15008400,107283.645216,283.070304,16984.21824,0.01698421824,348671.846952,919.978488,55198.70928,0.05519870928
330,2637,38,40,4.692757,-74.044975,417230.0,312,12355200,20619840.384,66089.232,6278477.04,6.27847704,67014481.248,214790.004,20405050.38,20.40505038
331,2639,38,39,4.692757,-74.05397,2909.6,503,19918800,231822.96192,460.88064,119828.9664,0.1198289664,753424.62624,1497.86208,389444.1408,0.3894441408
332,2636,38,41,4.692757,-74.03598,3235.44,391,15483600,200385.035136,512.493696,133760.854656,0.133760854656,651251.364192,1665.604512,434722.777632,0.434722777632
333,2640,38,38,4.692757,-74.062965,6978.63,509,20156400,562656.230928,1105.414992,288513.312912,0.288513312912,1828632.75052,3592.598724,937668.266964,0.937668266964
334,2640,38,38,4.692757,-74.062965,4756.09,380,15048000,286278.56928,753.364656,196628.175216,0.196628175216,930405.35016,2448.435132,639041.569452,0.639041569452
335,2639,38,39,4.692757,-74.05397,4.671,348,13780800,257.4804672,0.7398864,193.1103504,0.0001931103504,836.8115184,2.4046308,627.6086388,0.0006276086388
336,2639,38,39,4.692757,-74.05397,4.671,348,13780800,257.4804672,0.7398864,193.1103504,0.0001931103504,836.8115184,2.4046308,627.6086388,0.0006276086388
337,2637,38,40,4.692757,-74.044975,5351.41,332,13147200,281424.230208,847.663344,165294.35208,0.16529435208,914628.748176,2754.905868,537206.64426,0.53720664426
338,2636,38,41,4.692757,-74.03598,5014.49,371,14691600,294683.525136,794.295216,207311.051376,0.207311051376,957721.456692,2581.459452,673760.916972,0.673760916972
339,2637,38,40,4.692757,-74.044975,2386.47,728,28828800,275196.265344,378.016848,8316.370656,0.008316370656,894387.862368,1228.554756,27028.204632,0.027028204632
340,2637,38,40,4.692757,-74.044975,5394.75,297,11761200,253794.9348,854.5284,199105.1172,0.1991051172,824833.5381,2777.2173,647091.6309,0.6470916309
341,2643,38,36,4.692757,-74.080956,1582.41,235,9306000,58903.62984,250.653744,57149.053632,0.057149053632,191436.79698,814.624668,185734.424304,0.185734424304
342,2637,38,40,4.692757,-74.044975,5450.0,374,14810400,322866.72,863.28,192511.44,0.19251144,1049316.84,2805.66,625662.18,0.62566218
343,2637,38,40,4.692757,-74.044975,2784.16,339,13424400,149502.710016,441.010944,82469.046528,0.082469046528,485883.807552,1433.285568,268024.401216,0.268024401216
344,2636,38,41,4.692757,-74.03598,37926.02,677,26809200,4067065.02154,6007.481568,1567952.68925,1.56795268925,13217961.32,19524.315096,5095846.24006,5.09584624006
345,2636,38,41,4.692757,-74.03598,2725.7,217,8593200,93689.94096,431.75088,93689.94096,0.09368994096,304492.30812,1403.19036,304492.30812,0.30449230812
346,2637,38,40,4.692757,-74.044975,4965.53,261,10335600,205286.927472,786.539952,136857.951648,0.136857951648,667182.514284,2556.254844,444788.342856,0.444788342856
347,2645,39,33,4.701714,-74.107941,1882.17,257,10177200,76620.882096,298.135728,23254.586784,0.023254586784,249017.866812,968.941116,75577.407048,0.075577407048
348,2632,39,42,4.701714,-74.026985,36.378,155,6138000,893.152656,5.7622752,132.5323296,0.0001325323296,2902.746132,18.7273944,430.7300712,0.0004307300712
349,2632,39,42,4.701714,-74.026985,36378.88,1391,55083600,8015518.69747,5762.414592,1503990.20851,1.50399020851,26050435.7668,18727.847424,4887968.17766,4.88796817766
350,361,39,41,4.701714,-74.03598,2942.22,337,13345200,157058.057376,466.047648,40080.097728,0.040080097728,510438.686472,1514.654856,130260.317616,0.130260317616
351,2635,39,40,4.701714,-74.044975,5188.22,259,10256400,212849.838432,821.814048,50952.470976,0.050952470976,691761.974904,2670.895656,165595.530672,0.165595530672
352,2645,39,33,4.701714,-74.107941,7546.65,262,10375200,313192.01232,1195.38936,255813.32304,0.25581332304,1017874.04004,3885.01542,831393.29988,0.83139329988
353,2635,39,40,4.701714,-74.044975,2707.22,326,12909600,139796.509248,428.823648,111922.972128,0.111922972128,454338.655056,1393.676856,363749.659416,0.363749659416
354,2635,39,40,4.701714,-74.044975,2868.39,262,10375200,119040.479712,454.352976,63609.41664,0.06360941664,386881.559064,1476.647172,206730.60408,0.20673060408
355,2635,39,40,4.701714,-74.044975,2868.39,262,10375200,119040.479712,454.352976,63609.41664,0.06360941664,386881.559064,1476.647172,206730.60408,0.20673060408
356,2645,39,33,4.701714,-74.107941,24286.0,489,19364400,1881135.2736,3846.9024,1004041.5264,1.0040415264,6113689.6392,12502.4328,3263134.9608,3.2631349608
357,2632,39,42,4.701714,-74.026985,8335.82,403,15958800,532118.736864,1320.393888,344622.804768,0.344622804768,1729385.89481,4291.280136,1120024.1155,1.1200241155
358,2635,39,40,4.701714,-74.044975,2467.0,287,11365200,112151.7936,390.7728,87923.88,0.08792388,364493.3292,1270.0116,285752.61,0.28575261
359,2638,39,39,4.701714,-74.05397,9221.0,338,13384800,493684.9632,1460.6064,381218.2704,0.3812182704,1604476.1304,4746.9708,1238959.3788,1.2389593788
360,2641,39,37,4.701714,-74.07196,1274.96,273,10810800,55133.350272,201.953664,-14944.571136,-0.014944571136,179183.388384,656.349408,-48569.856192,-0.048569856192
361,2638,39,39,4.701714,-74.05397,3659.44,341,13503600,197662.455936,579.655296,100280.366208,0.100280366208,642402.981792,1883.879712,325911.190176,0.325911190176
362,361,39,41,4.701714,-74.03598,2246.16,325,12870000,115632.3168,355.791744,61551.971712,0.061551971712,375805.0296,1156.323168,200043.908064,0.200043908064
363,2632,39,42,4.701714,-74.026985,7274.56,651,25779600,750140.987904,1152.290304,200498.512896,0.200498512896,2437958.21069,3744.943488,651620.166912,0.651620166912
364,2635,39,40,4.701714,-74.044975,4784.0,360,14256000,272802.816,757.7856,115941.1968,0.1159411968,886609.152,2462.8032,376808.8896,0.3768088896
365,2638,39,39,4.701714,-74.05397,1608.41,140,5544000,35668.10016,254.772144,35668.10016,0.03566810016,115921.32552,828.009468,115921.32552,0.11592132552
366,2635,39,40,4.701714,-74.044975,2317.12,262,10375200,96162.333696,367.031808,52118.516736,0.052118516736,312527.584512,1192.853376,169385.179392,0.169385179392
367,2632,39,42,4.701714,-74.026985,5171.08,370,14652000,303066.65664,819.099072,213784.857792,0.213784857792,984966.63408,2662.071984,694800.787824,0.694800787824
368,2632,39,42,4.701714,-74.026985,13394.32,784,31046400,1663381.66579,2121.660288,205801.047936,0.205801047936,5405990.41382,6895.395936,668853.405792,0.668853405792
369,2632,39,42,4.701714,-74.026985,6148.26,390,15444000,379814.90976,973.884384,254183.824224,0.254183824224,1234398.45672,3165.124248,826097.428728,0.826097428728
370,2632,39,42,4.701714,-74.026985,60.0,523,20710800,4970.592,9.504,218.592,0.000218592,16154.424,30.888,710.424,0.000710424
371,2632,39,42,4.701714,-74.026985,3178.94,94,3722400,47333.145024,503.544096,16113.411072,0.016113411072,153832.721328,1636.518312,52368.585984,0.052368585984
372,2635,39,40,4.701714,-74.044975,2760.0,370,14652000,161758.08,437.184,114105.024,0.114105024,525713.76,1420.848,370841.328,0.370841328
373,2638,39,39,4.701714,-74.05397,3805.9,302,11959200,182062.07712,602.85456,38582.69184,0.03858269184,591701.75064,1959.27732,125393.74848,0.12539374848
374,361,39,41,4.701714,-74.03598,2533.18,261,10335600,104727.740832,401.255712,95900.115168,0.095900115168,340365.157704,1304.081064,311675.374296,0.311675374296
375,2638,39,39,4.701714,-74.05397,3052.0,423,16750800,204493.7664,483.4368,73482.3936,0.0734823936,664604.7408,1571.1696,238817.7792,0.2388177792
376,361,39,41,4.701714,-74.03598,5166.34,521,20631600,426359.441376,818.348256,213588.894816,0.213588894816,1385668.18447,2659.631832,694163.908152,0.694163908152
377,2638,39,39,4.701714,-74.05397,3580.0,336,13305600,190536.192,567.072,30621.888,0.030621888,619242.624,1842.984,99521.136,0.099521136
378,2638,39,39,4.701714,-74.05397,3116.16,282,11167200,139195.127808,493.599744,122906.336256,0.122906336256,452384.165376,1604.199168,399445.592832,0.399445592832
379,2635,39,40,4.701714,-74.044975,9913.0,475,18810000,745854.12,1570.2192,232392.4416,0.2323924416,2424025.89,5103.2124,755275.4352,0.7552754352
380,2632,39,42,4.701714,-74.026985,8.944,716,28353600,1014.3783936,1.4167296,369.7664256,0.0003697664256,3296.7297792,4.6043712,1201.7408832,0.0012017408832
381,361,39,41,4.701714,-74.03598,3914.76,336,13305600,208352.922624,620.097984,154404.398016,0.154404398016,677146.998528,2015.318448,501814.293552,0.501814293552
382,2641,39,37,4.701714,-74.07196,55247.0,1110,43956000,9713748.528,8751.1248,2284043.5728,2.2840435728,31569682.716,28441.1556,7423141.6116,7.4231416116
383,2632,39,42,4.701714,-74.026985,9906.79,530,20988000,831694.83408,1569.235536,409570.474896,0.409570474896,2703008.21076,5100.015492,1331104.04341,1.33110404341
384,2638,39,39,4.701714,-74.05397,5132.74,387,15325200,314641.068192,813.026016,193500.191808,0.193500191808,1022583.47162,2642.334552,628875.623376,0.628875623376
385,2635,39,40,4.701714,-74.044975,4980.55,291,11523600,229575.46392,788.91912,175928.96376,0.17592896376,746120.25774,2563.98714,571769.13222,0.57176913222
386,2635,39,40,4.701714,-74.044975,1241.7,290,11484000,57038.7312,196.68528,28125.99504,0.02812599504,185375.8764,639.22716,91409.48388,0.09140948388
387,2638,39,39,4.701714,-74.05397,15965.17,523,20710800,1322605.77134,2528.882928,660038.444208,0.660038444208,4298468.75687,8218.869516,2145124.94368,2.14512494368
388,2756,40,39,4.710678,-74.05397,2531.0,242,9583200,97020.3168,400.9104,4009.104,0.004009104,315316.0296,1302.9588,13029.588,0.013029588
389,2756,40,39,4.710678,-74.05397,3900.54,376,14889600,232309.921536,617.845536,161257.684896,0.161257684896,755007.244992,2007.997992,524087.475912,0.524087475912
390,2756,40,39,4.710678,-74.05397,7286.0,524,20750400,604749.6576,1154.1024,301220.7264,0.3012207264,1965436.3872,3750.8328,978967.3608,0.9789673608
391,2756,40,39,4.710678,-74.05397,2415.0,293,11602800,112083.048,382.536,76889.736,0.076889736,364269.906,1243.242,249891.642,0.249891642
392,2763,40,42,4.710678,-74.026985,6048.69,414,16394400,396658.573344,958.112496,188748.161712,0.188748161712,1289140.36337,3113.865612,613431.525564,0.613431525564
393,2763,40,42,4.710678,-74.026985,10981.0,384,15206400,667925.9136,1739.3904,111320.9856,0.1113209856,2170759.2192,5653.0188,361793.2032,0.3617932032
394,2763,40,42,4.710678,-74.026985,18528.48,680,26928000,1995739.63776,2934.911232,669159.760896,0.669159760896,6486153.82272,9538.461504,2174769.22291,2.17476922291
395,2750,40,34,4.710678,-74.098946,6737.8,477,18889200,509086.60704,1067.26752,278556.82272,0.27855682272,1654531.47288,3468.61944,905309.67384,0.90530967384
396,2760,40,40,4.710678,-74.044975,7.272,392,15523200,451.5388416,1.1518848,276.452352,0.000276452352,1467.5012352,3.7436256,898.470144,0.000898470144
397,2756,40,39,4.710678,-74.05397,53915.68,497,19681200,4244501.12486,8540.243712,2177762.14656,2.17776214656,13794628.6558,27755.792064,7077726.97632,7.07772697632
398,2756,40,39,4.710678,-74.05397,39000.0,521,20631600,3218529.6,6177.6,1470268.8,1.4702688,10460221.2,20077.2,4778373.6,4.7783736
399,2753,40,37,4.710678,-74.07196,1823.7,106,4197600,30620.65248,288.87408,30620.65248,0.03062065248,99517.12056,938.84076,99517.12056,0.09951712056
400,2753,40,37,4.710678,-74.07196,15553.0,262,10375200,645461.9424,2463.5952,492719.04,0.49271904,2097751.3128,8006.6844,1601336.88,1.60133688
401,2760,40,40,4.710678,-74.044975,25706.27,260,10296000,1058687.02368,4071.873168,969105.813984,0.969105813984,3440732.82696,13233.587796,3149593.89545,3.14959389545
402,2760,40,40,4.710678,-74.044975,25706.27,260,10296000,1058687.02368,4071.873168,969105.813984,0.969105813984,3440732.82696,13233.587796,3149593.89545,3.14959389545
403,2742,40,30,4.710678,-74.134918,15514.0,414,16394400,1017370.8864,2457.4176,375984.8928,0.3759848928,3306455.3808,7986.6072,1221950.9016,1.2219509016
404,2759,40,41,4.710678,-74.03598,3238.86,202,7999200,103633.155648,513.035424,100041.90768,0.10004190768,336807.755856,1667.365128,325136.19996,0.32513619996
405,2759,40,41,4.710678,-74.03598,3090.7,413,16354800,202191.12144,489.56688,42102.75168,0.04210275168,657121.14468,1591.09236,136833.94296,0.13683394296
406,2759,40,41,4.710678,-74.03598,5170.84,243,9622800,199031.836608,819.061056,9009.671616,0.009009671616,646853.468976,2661.948432,29281.432752,0.029281432752
407,2744,41,31,4.719643,-74.125923,31561.7,538,21304800,2689662.82464,4999.37328,889888.44384,0.88988844384,8741404.18008,16247.96316,2892137.44248,2.89213744248
408,2752,41,37,4.719643,-74.07196,3091.69,298,11800800,145937.661408,489.723696,125369.266176,0.125369266176,474297.399576,1591.602012,407450.115072,0.407450115072
409,86,41,41,4.719643,-74.03598,2219.59,392,15523200,137820.557952,351.583056,91763.177616,0.091763177616,447916.813344,1142.644932,298230.327252,0.298230327252
410,86,41,41,4.719643,-74.03598,2219.59,392,15523200,137820.557952,351.583056,91763.177616,0.091763177616,447916.813344,1142.644932,298230.327252,0.298230327252
411,2752,41,37,4.719643,-74.07196,3223.84,340,13464000,173623.12704,510.656256,96003.376128,0.096003376128,564275.16288,1659.632832,312010.972416,0.312010972416
412,86,41,41,4.719643,-74.03598,1487.87,526,20829600,123966.947808,235.678608,61512.116688,0.061512116688,402892.580376,765.955476,199914.379236,0.199914379236
413,86,41,41,4.719643,-74.03598,3758.0,312,12355200,185723.3664,595.2672,116077.104,0.116077104,603600.9408,1934.6184,377250.588,0.377250588
414,2758,41,40,4.719643,-74.044975,3772.75,304,12038400,181671.4944,597.6036,34063.4052,0.0340634052,590432.3568,1942.2117,110706.0669,0.1107060669
415,2747,41,35,4.719643,-74.089951,27363.97,800,31680000,3467562.2784,4334.452848,1131292.19333,1.13129219333,11269577.4048,14086.971756,3676699.62832,3.67669962832
416,86,41,41,4.719643,-74.03598,7612.07,474,18770400,571526.394912,1205.751888,262853.911584,0.262853911584,1857460.78346,3918.693636,854275.212648,0.854275212648
417,2747,41,35,4.719643,-74.089951,27363.97,800,31680000,3467562.2784,4334.452848,1131292.19333,1.13129219333,11269577.4048,14086.971756,3676699.62832,3.67669962832
418,2747,41,35,4.719643,-74.089951,27363.97,800,31680000,3467562.2784,4334.452848,1131292.19333,1.13129219333,11269577.4048,14086.971756,3676699.62832,3.67669962832
419,342,41,30,4.719643,-74.134918,4432.48,413,16354800,289969.295616,702.104832,30190.507776,0.030190507776,942400.210752,2281.840704,98119.150272,0.098119150272
420,86,41,41,4.719643,-74.03598,10726.39,261,10335600,443454.705936,1699.060176,74758.647744,0.074758647744,1441227.79429,5521.945572,242965.605168,0.242965605168
421,2744,41,31,4.719643,-74.125923,30423.0,2916,115473600,14052213.3312,4819.0032,1233664.8192,1.2336648192,45669693.3264,15661.7604,4009410.6624,4.0094106624
422,2758,41,40,4.719643,-74.044975,40675.56,456,18057600,2938011.96902,6443.008704,1668739.25434,1.66873925434,9548538.89933,20939.778288,5423402.57659,5.42340257659
423,2758,41,40,4.719643,-74.044975,6776.94,403,15958800,432607.320288,1073.467296,232942.403232,0.232942403232,1405973.79094,3488.768712,757062.810504,0.757062810504
424,2758,41,40,4.719643,-74.044975,19449.0,356,14097600,1096736.8896,3080.7216,800987.616,0.800987616,3564394.8912,10012.3452,2603209.752,2.603209752
425,2758,41,40,4.719643,-74.044975,4913.0,370,14652000,287941.104,778.2192,118289.3184,0.1182893184,935808.588,2529.2124,384440.2848,0.3844402848
426,2755,41,39,4.719643,-74.05397,2283.73,608,24076800,219939.641856,361.742832,70539.85224,0.07053985224,714803.836032,1175.664204,229254.51978,0.22925451978
427,86,41,41,4.719643,-74.03598,4463.49,282,11167200,199378.742112,707.016816,122313.909168,0.122313909168,647980.911864,2297.804652,397520.204796,0.397520204796
428,342,41,30,4.719643,-74.134918,21.814,936,37065600,3234.1959936,3.4553376,901.8431136,0.0009018431136,10511.1369792,11.2298472,2930.9901192,0.0029309901192
429,2747,41,35,4.719643,-74.089951,16391.34,532,21067200,1381278.55219,2596.388256,163572.460128,0.163572460128,4489155.29462,8438.261832,531610.495416,0.531610495416
430,86,41,41,4.719643,-74.03598,23511.21,401,15879600,1493394.44126,3724.175664,852836.227056,0.852836227056,4853531.93411,12103.570908,2771717.73793,2.77171773793
431,2755,41,39,4.719643,-74.05397,5055.58,269,10652400,215416.241568,800.803872,17617.685184,0.017617685184,700102.785096,2602.612584,57257.476848,0.057257476848
432,344,41,36,4.719643,-74.080956,7835.0,358,14176800,444300.912,1241.064,323917.704,0.323917704,1443977.964,4033.458,1052732.538,1.052732538
433,344,41,36,4.719643,-74.080956,3844.33,880,34848000,535868.84736,608.941872,157107.002976,0.157107002976,1741573.75392,1979.061084,510597.759672,0.510597759672
434,2744,41,31,4.719643,-74.125923,10642.39,317,12553200,534384.200592,1685.754576,367494.497568,0.367494497568,1736748.65192,5478.702372,1194357.1171,1.1943571171
435,2744,41,31,4.719643,-74.125923,35834.61,828,32788800,4699895.44147,5676.202224,1481488.78046,1.48148878046,15274660.1848,18447.657228,4814838.53651,4.81483853651
436,342,41,30,4.719643,-74.134918,48660.0,781,30927600,6019748.064,7707.744,2011721.184,2.011721184,19564181.208,25050.168,6538093.848,6.538093848
437,86,41,41,4.719643,-74.03598,19625.0,522,20671200,1622689.2,3108.6,811344.6,0.8113446,5273739.9,10102.95,2636869.95,2.63686995
438,2752,41,37,4.719643,-74.07196,1.0,263,10414800,41.6592,0.1584,20.2752,2.02752e-05,135.3924,0.5148,65.8944,6.58944e-05
439,2752,41,37,4.719643,-74.07196,8402.0,263,10414800,350020.5984,1330.8768,170352.2304,0.1703522304,1137566.9448,4325.3496,553644.7488,0.5536447488
440,2752,41,37,4.719643,-74.07196,7907.76,915,36234000,1146119.10336,1252.589184,326925.777024,0.326925777024,3724887.08592,4070.914848,1062508.77533,1.06250877533
441,342,41,30,4.719643,-74.134918,40893.25,870,34452000,5635416.996,6477.4908,278532.1044,0.2785321044,18315105.237,21051.8451,905229.3393,0.9052293393
442,2755,41,39,4.719643,-74.05397,5040.03,369,14612400,294587.737488,798.340752,208366.936272,0.208366936272,957410.146836,2594.607444,677192.542884,0.677192542884
443,2761,41,42,4.719643,-74.026985,11512.0,585,23166000,1066747.968,1823.5008,340994.6496,0.3409946496,3466930.896,5926.3776,1108232.6112,1.1082326112
444,345,41,38,4.719643,-74.062965,18698.72,453,17938800,1341730.39334,2961.877248,645689.240064,0.645689240064,4360623.77837,9626.101056,2098490.03021,2.09849003021
445,345,41,38,4.719643,-74.062965,18698.72,453,17938800,1341730.39334,2961.877248,645689.240064,0.645689240064,4360623.77837,9626.101056,2098490.03021,2.09849003021
446,86,41,41,4.719643,-74.03598,36028.09,958,37936800,5467161.77885,5706.849456,1489487.70802,1.48948770802,17768275.7813,18547.260732,4840835.05105,4.84083505105
447,2758,41,40,4.719643,-74.044975,3406.41,327,12949200,176441.137488,539.575344,140829.164784,0.140829164784,573433.696836,1753.619868,457694.785548,0.457694785548
448,2752,41,37,4.719643,-74.07196,4883.4,286,11325600,221229.74016,773.53056,80447.17824,0.08044717824,718996.65552,2513.97432,261453.32928,0.26145332928
449,2761,41,42,4.719643,-74.026985,13209.0,221,8751600,462399.5376,2092.3056,347322.7296,0.3473227296,1502798.4972,6799.9932,1128798.8712,1.1287988712
450,345,41,38,4.719643,-74.062965,11389.55,541,21423600,976020.65352,1804.10472,470871.33192,0.47087133192,3172067.12394,5863.34034,1530331.82874,1.53033182874
451,2758,41,40,4.719643,-74.044975,3494.69,305,12078000,168835.46328,553.558896,109604.661408,0.109604661408,548715.25566,1799.066412,356215.149576,0.356215149576
452,2755,41,39,4.719643,-74.05397,10535.03,403,15958800,672505.747056,1668.748752,347099.740416,0.347099740416,2185643.67793,5423.433444,1128074.15635,1.12807415635
453,2758,41,40,4.719643,-74.044975,4333.41,363,14374800,249167.608272,686.412144,113944.415904,0.113944415904,809794.726884,2230.839468,370319.351688,0.370319351688
454,86,41,41,4.719643,-74.03598,8213.0,370,14652000,481347.504,1300.9392,283604.7456,0.2836047456,1564379.388,4228.0524,921715.4232,0.9217154232
455,342,41,30,4.719643,-74.134918,45594.32,522,20671200,3769957.23034,7222.140288,1097765.32378,1.09776532378,12252360.9986,23471.955936,3567737.30227,3.56773730227
456,2755,41,39,4.719643,-74.05397,2328.67,361,14295600,133158.939408,368.861328,31722.074208,0.031722074208,432766.553076,1198.799316,103096.741176,0.103096741176
457,2755,41,39,4.719643,-74.05397,2328.67,361,14295600,133158.939408,368.861328,31722.074208,0.031722074208,432766.553076,1198.799316,103096.741176,0.103096741176
458,2758,41,40,4.719643,-74.044975,3440.0,522,20671200,284435.712,544.896,142217.856,0.142217856,924416.064,1770.912,462208.032,0.462208032
459,2851,42,41,4.728607,-74.03598,16565.82,349,13820400,915785.034912,2624.025888,684870.756768,0.684870756768,2976301.36346,8528.084136,2225829.9595,2.2258299595
460,2851,42,41,4.728607,-74.03598,2942.77,305,12078000,142171.10424,466.134768,15382.447344,0.015382447344,462056.08878,1514.937996,49992.953868,0.049992953868
461,2851,42,41,4.728607,-74.03598,12051.0,478,18928800,912443.8752,1908.8784,108806.0688,0.1088060688,2965442.5944,6203.8548,353619.7236,0.3536197236
462,2852,42,40,4.728607,-74.044975,796641.0,326,12909600,41137266.6144,126187.9344,21956700.5856,21.9567005856,133696116.497,410110.7868,71359276.9032,71.3592769032
463,2851,42,41,4.728607,-74.03598,18001.0,397,15721200,1131989.2848,2851.3584,744204.5424,0.7442045424,3678965.1756,9266.9148,2418664.7628,2.4186647628
464,2861,42,37,4.728607,-74.07196,4574.66,523,20710800,378979.473312,724.626144,189127.423584,0.189127423584,1231683.28826,2355.034968,614664.126648,0.614664126648
465,2857,42,38,4.728607,-74.062965,55508.26,758,30016800,6664721.35507,8792.508384,1617821.54266,1.61782154266,21660344.404,28575.652248,5257920.01363,5.25792001363
466,2861,42,37,4.728607,-74.07196,4725.0,299,11840400,223783.56,748.44,195342.84,0.19534284,727296.57,2432.43,634864.23,0.63486423
467,2852,42,40,4.728607,-74.044975,3916.98,370,14652000,229566.36384,620.449632,94308.344064,0.094308344064,746090.68248,2016.461304,306502.118208,0.306502118208
468,2852,42,40,4.728607,-74.044975,10089.97,347,13741200,554593.183056,1598.251248,38358.029952,0.038358029952,1802427.84493,5194.316556,124663.597344,0.124663597344
469,2847,42,42,4.728607,-74.026985,36727.76,1035,40986000,6021295.88544,5817.677184,895922.286336,0.895922286336,19569211.6277,18907.450848,2911747.43059,2.91174743059
470,2868,42,35,4.728607,-74.089951,5591.8,498,19720800,441099.07776,885.74112,60230.39616,0.06023039616,1433572.00272,2878.65864,195748.78752,0.19574878752
471,2869,42,34,4.728607,-74.098946,1.0,138,5464800,21.8592,0.1584,13.6224,1.36224e-05,71.0424,0.5148,44.2728,4.42728e-05
472,2852,42,40,4.728607,-74.044975,6038.51,348,13780800,332861.994432,956.499984,249646.495824,0.249646495824,1081801.4819,3108.624948,811351.111428,0.811351111428
473,2852,42,40,4.728607,-74.044975,9377.43,631,24987600,937277.879472,1485.384912,387685.462032,0.387685462032,3046153.10828,4827.500964,1259977.7516,1.2599777516
474,2869,42,34,4.728607,-74.098946,27680.15,522,20671200,2288727.66672,4384.53576,105228.85824,0.10522885824,7438364.91684,14249.74122,341993.78928,0.34199378928
475,2851,42,41,4.728607,-74.03598,18103.96,673,26650800,1929940.06867,2867.667264,748461.155904,0.748461155904,6272305.22318,9319.918608,2432498.75669,2.43249875669
476,2857,42,38,4.728607,-74.062965,210000.0,676,26769600,22486464.0,33264.0,7151760.0,7.15176,73081008.0,108108.0,23243220.0,23.24322
477,2850,43,40,4.737564,-74.044975,2531.78,349,13820400,139960.849248,401.033952,79003.688544,0.079003688544,454872.760056,1303.360344,256761.987768,0.256761987768
478,2850,43,40,4.737564,-74.044975,2568.0,279,11048400,113489.1648,406.7712,8948.9664,0.0089489664,368839.7856,1322.0064,29084.1408,0.0290841408
479,2866,43,35,4.737564,-74.089951,2780.58,523,20710800,230352.145056,440.443872,114955.850592,0.114955850592,748644.471432,1431.442584,373606.514424,0.373606514424
480,2850,43,40,4.737564,-74.044975,2653.94,263,10414800,110561.017248,420.384096,101312.567136,0.101312567136,359323.306056,1366.248312,329265.843192,0.329265843192
481,2866,43,35,4.737564,-74.089951,12000.0,355,14058000,674784.0,1900.8,496108.8,0.4961088,2193048.0,6177.6,1612353.6,1.6123536
482,314,43,43,4.737564,-74.01799,71280.26,262,10375200,2958187.81421,11290.793184,2687208.77779,2.68720877779,9614110.39618,36695.077848,8733428.52782,8.73342852782
483,316,43,38,4.737564,-74.062965,16271.0,494,19562400,1273199.2416,2577.3264,672682.1904,0.6726821904,4137897.5352,8376.3108,2186217.1188,2.1862171188
484,2860,43,37,4.737564,-74.07196,4153.65,327,12949200,215145.77832,657.93816,100006.60032,0.10000660032,699223.77954,2138.29902,325021.45104,0.32502145104
485,315,43,41,4.737564,-74.03598,10.887,315,12474000,543.217752,1.7245008,298.3386384,0.0002983386384,1765.457694,5.6046276,969.6005748,0.0009696005748
486,2866,43,35,4.737564,-74.089951,18294.55,342,13543200,991066.99824,2897.85672,596958.48432,0.59695848432,3220967.74428,9418.03434,1940115.07404,1.94011507404
487,316,43,38,4.737564,-74.062965,23103.0,497,19681200,1818779.0544,3659.5152,955133.4672,0.9551334672,5911031.9268,11893.4244,3104183.7684,3.1041837684
488,317,43,36,4.737564,-74.080956,6559.9,262,10375200,272241.09792,1039.08816,183918.60432,0.18391860432,884783.56824,3377.03652,597735.46404,0.59773546404
489,315,43,41,4.737564,-74.03598,9349.81,304,12038400,450227.010816,1481.009904,386543.584944,0.386543584944,1463237.78515,4813.282188,1256266.65107,1.25626665107
490,2855,43,39,4.737564,-74.05397,600.0,546,21621600,51891.84,95.04,1330.56,0.00133056,168648.48,308.88,4324.32,0.00432432
491,319,43,32,4.737564,-74.116936,2059.04,262,10375200,85451.807232,326.151936,30332.130048,0.030332130048,277718.373504,1059.993792,98579.422656,0.098579422656
492,319,43,32,4.737564,-74.116936,23042.93,544,21542400,1985600.06093,3650.000112,481800.014784,0.481800014784,6453200.19802,11862.500364,1565850.04805,1.56585004805
493,2860,43,37,4.737564,-74.07196,67197.39,565,22374000,6013897.61544,10644.066576,2075592.98232,2.07559298232,19545167.2502,34593.216372,6745677.19254,6.74567719254
494,319,43,32,4.737564,-74.116936,13399.36,521,20631600,1105800.9431,2122.458624,165551.772672,0.165551772672,3593853.06509,6897.990528,538043.261184,0.538043261184
495,2866,43,35,4.737564,-74.089951,91.0,234,9266400,3372.9696,14.4144,1700.8992,0.0017008992,10962.1512,46.8468,5527.9224,0.0055279224
496,2848,44,41,4.746536,-74.03598,17918.0,522,20671200,1481546.2464,2838.2112,596024.352,0.596024352,4815025.3008,9224.1864,1937079.144,1.937079144
497,2858,44,37,4.746536,-74.07196,13087.21,290,11484000,601174.07856,2073.014064,404237.74248,0.40423774248,1953815.75532,6737.295708,1313772.66306,1.31377266306
498,2853,44,39,4.746536,-74.05397,1347.6,229,9068400,48882.30336,213.45984,36928.55232,0.03692855232,158867.48592,693.74448,120017.79504,0.12001779504
499,2854,44,38,4.746536,-74.062965,9777.21,428,16948800,662847.907392,1548.710064,385628.805936,0.385628805936,2154255.69902,5033.307708,1253293.61929,1.25329361929
500,2858,44,37,4.746536,-74.07196,697835.0,395,15642000,43662140.28,110537.064,12490688.232,12.490688232,141901955.91,359245.458,40594736.754,40.594736754
501,2863,44,35,4.746536,-74.089951,6140.93,311,12315600,302516.950032,972.723312,206217.342144,0.206217342144,983180.087604,3161.350764,670206.361968,0.670206361968
502,2844,44,42,4.746536,-74.026985,26978.27,1098,43480800,4692147.04886,4273.357968,1115346.42965,1.11534642965,15249477.9088,13888.413396,3624875.89636,3.62487589636
503,2848,44,41,4.746536,-74.03598,49707.02,1217,48193200,9582161.42506,7873.591968,2055007.50365,2.05500750365,31142024.6314,25589.173896,6678774.38686,6.67877438686
504,2854,44,38,4.746536,-74.062965,76133.0,1072,42451200,12927748.8384,12059.4672,12059.4672,0.0120594672,42015183.7248,39193.2684,39193.2684,0.0391932684
505,2859,44,36,4.746536,-74.080956,11091.71,521,20631600,915358.896144,1756.926864,458557.911504,0.458557911504,2974916.41247,5710.012308,1490313.21239,1.49031321239
506,2844,44,42,4.746536,-74.026985,23295.22,398,15760800,1468605.2135,3689.962848,129148.69968,0.12914869968,4772966.94389,11992.379256,419733.27396,0.41973327396
507,2858,44,37,4.746536,-74.07196,90412.0,1367,54133200,19577163.5136,14321.2608,2320044.2496,2.3200442496,63625781.4192,46544.0976,7540143.8112,7.5401438112
508,2864,44,34,4.746536,-74.098946,14476.65,543,21502800,1245154.03848,2293.10136,128413.67616,0.12841367616,4046750.62506,7452.57942,417344.44752,0.41734444752
509,2849,44,40,4.746536,-74.044975,3129.27,449,17780400,222558.689232,495.676368,125406.121104,0.125406121104,723315.740004,1610.948196,407569.893588,0.407569893588
510,2848,44,41,4.746536,-74.03598,3011.0,262,10375200,124958.9088,476.9424,21462.408,0.021462408,406116.4536,1550.0628,69752.826,0.069752826
511,2863,44,35,4.746536,-74.089951,12321.0,312,12355200,608913.6768,1951.6464,380571.048,0.380571048,1978969.4496,6342.8508,1236855.906,1.236855906
512,2863,44,35,4.746536,-74.089951,2094.7,130,5148000,43134.0624,331.80048,14267.42064,0.01426742064,140185.7028,1078.35156,46369.11708,0.04636911708
513,2858,44,37,4.746536,-74.07196,9419.0,522,20671200,778808.1312,1491.9696,389404.0656,0.3894040656,2531126.4264,4848.9012,1265563.2132,1.2655632132
514,2864,44,34,4.746536,-74.098946,41264.0,695,27522000,4542671.232,6536.2176,705911.5008,0.7059115008,14763681.504,21242.7072,2294212.3776,2.2942123776
515,2858,44,37,4.746536,-74.07196,36477.0,654,25898400,3778783.7472,5777.9568,1259594.5824,1.2595945824,12281047.1784,18778.3596,4093682.3928,4.0936823928
516,2864,44,34,4.746536,-74.098946,14999.47,1373,54370800,3262132.7339,2375.916048,620114.088528,0.620114088528,10601931.3852,7721.727156,2015370.78772,2.01537078772
517,2859,44,36,4.746536,-74.080956,40980.02,652,25819200,4232285.32954,6491.235168,1694212.37885,1.69421237885,13754927.321,21096.514296,5506190.23126,5.50619023126
518,3005,45,33,4.755493,-74.107941,12664.09,523,20710800,1049133.74069,2005.991856,302904.770256,0.302904770256,3409684.65724,6519.473532,984440.503332,0.984440503332
519,295,45,38,4.755493,-74.062965,6976.82,391,15483600,432105.160608,1105.128288,48625.644672,0.048625644672,1404341.77198,3591.666936,158033.345184,0.158033345184
520,3005,45,33,4.755493,-74.107941,5402.17,327,12949200,279815.119056,855.703728,223338.673008,0.223338673008,909399.136932,2781.037116,725850.687276,0.725850687276
521,295,45,38,4.755493,-74.062965,25535.0,304,12038400,1229602.176,4044.744,938380.608,0.938380608,3996207.072,13145.418,3049736.976,3.049736976
522,3008,45,37,4.755493,-74.07196,12040.0,340,13464000,648426.24,1907.136,444362.688,0.444362688,2107385.28,6198.192,1444178.736,1.444178736
523,295,45,38,4.755493,-74.062965,56909.06,826,32709600,7445890.3559,9014.395104,973554.671232,0.973554671232,24199143.6567,29296.784088,3164052.6815,3.1640526815
524,295,45,38,4.755493,-74.062965,1347.8,750,29700000,160118.64,213.49152,55721.28672,0.05572128672,520385.58,693.84744,181094.18184,0.18109418184
525,296,45,41,4.755493,-74.03598,10415.0,522,20671200,861162.192,1649.736,430581.096,0.430581096,2798777.124,5361.642,1399388.562,1.399388562
526,296,45,41,4.755493,-74.03598,20722.67,871,34491600,2859032.17829,3282.470928,502218.051984,0.502218051984,9291854.57944,10668.030516,1632208.66895,1.63220866895
527,3014,45,40,4.755493,-74.044975,50214.15,348,13780800,2767964.63328,7953.92136,2075973.47496,2.07597347496,8995885.05816,25850.24442,6746913.79362,6.74691379362
528,3011,45,39,4.755493,-74.05397,5285.0,218,8632800,182497.392,837.144,182497.392,0.182497392,593116.524,2720.718,593116.524,0.593116524
529,3014,45,40,4.755493,-74.044975,28835.3,1003,39718800,4581214.05456,4567.51152,1032257.60352,1.03225760352,14888945.6773,14844.41244,3354837.21144,3.35483721144
530,296,45,41,4.755493,-74.03598,7990.24,523,20710800,661937.050368,1265.654016,330335.698176,0.330335698176,2151295.4137,4113.375552,1073591.01907,1.07359101907
531,295,45,38,4.755493,-74.062965,2956.78,265,10494000,124113.79728,468.353952,50582.226816,0.050582226816,403369.84116,1522.150344,164392.237152,0.164392237152
532,295,45,38,4.755493,-74.062965,31.931,125,4950000,632.2338,5.0578704,632.2338,0.0006322338,2054.75985,16.4380788,2054.75985,0.00205475985
533,3014,45,40,4.755493,-74.044975,46739.43,905,35838000,6700190.76936,7403.525712,1932320.21083,1.93232021083,21775620.0004,24061.458564,6280040.6852,6.2800406852
534,3011,45,39,4.755493,-74.05397,47876.0,993,39322800,7530473.4912,7583.5584,1979308.7424,1.9793087424,24474038.8464,24646.5648,6432753.4128,6.4327534128
535,3016,46,42,4.764458,-74.026985,596.0,393,15562800,37101.7152,94.4064,10762.3296,0.0107623296,120580.5744,306.8208,34977.5712,0.0349775712
536,3012,46,41,4.764458,-74.03598,10540.87,409,16196400,682896.587472,1669.673808,435784.863888,0.435784863888,2219413.90928,5426.439876,1416300.80764,1.41630080764
537,3012,46,41,4.764458,-74.03598,7560.85,514,20354400,615586.26096,1197.63864,277852.16448,0.27785216448,2000655.34812,3892.32558,903019.53456,0.90301953456
538,3013,46,40,4.764458,-74.044975,36101.0,880,34848000,5032190.592,5718.3984,1492501.9824,1.4925019824,16354619.424,18584.7948,4850631.4428,4.8506314428
539,3013,46,40,4.764458,-74.044975,32930.8,356,14097600,1856980.98432,5216.23872,1189302.42816,1.18930242816,6035188.19904,16952.77584,3865232.89152,3.86523289152
540,3016,46,42,4.764458,-74.026985,17944.06,523,20710800,1486543.35139,2842.339104,346765.370688,0.346765370688,4831265.89202,9237.602088,1126987.45474,1.12698745474
541,3016,46,42,4.764458,-74.026985,2653.79,522,20671200,219428.095392,420.360336,69359.45544,0.06935945544,713141.310024,1366.171092,225418.23018,0.22541823018
542,3083,47,40,4.773422,-74.044975,8000.0,107,4237200,135590.4,1267.2,135590.4,0.1355904,440668.8,4118.4,440668.8,0.4406688
543,3204,50,40,4.800316,-74.044975,4800.61,305,12078000,231927.07032,760.416624,176416.656768,0.176416656768,753762.97854,2471.354028,573354.134496,0.573354134496
