ROW,COL,LAT,LON,POLNAME,UNIT,E00h,E01h,E02h,E03h,E04h,E05h,E06h,E07h,E08h,E09h,E10h,E11h,E12h,E13h,E14h,E15h,E16h,E17h,E18h,E19h,E20h,E21h,E22h,E23h,E24h
38,41,4.692757,-74.03598,PSO4,g/s,0.0,0.0,0.0,0.0,0.0,0.0,0.0,0.0036467613,0.0036467613,0.0036467613,0.0036467613,0.0036467613,0.0,0.0036467613,0.0036467613,0.0036467613,0.0036467613,0.0036467613,0.0036467613,0.0,0.0,0.0,0.0,0.0,0.0
46,40,4.764458,-74.044975,PSO4,g/s,0.0,0.0,0.0,0.0,0.0,0.0,0.0,0.0028993356,0.0028993356,0.0028993356,0.0028993356,0.0028993356,0.0,0.0028993356,0.0028993356,0.0028993356,0.0028993356,0.0028993356,0.0028993356,0.0,0.0,0.0,0.0,0.0,0.0
46,41,4.764458,-74.03598,PSO4,g/s,0.0,0.0,0.0,0.0,0.0,0.0,0.0,0.00076027224,0.00076027224,0.00076027224,0.00076027224,0.00076027224,0.0,0.00076027224,0.00076027224,0.00076027224,0.00076027224,0.00076027224,0.00076027224,0.0,0.0,0.0,0.0,0.0,0.0
46,42,4.764458,-74.026985,PSO4,g/s,0.0,0.0,0.0,0.0,0.0,0.0,0.0,0.0008901417,0.0008901417,0.0008901417,0.0008901417,0.0008901417,0.0,0.0008901417,0.0008901417,0.0008901417,0.0008901417,0.0008901417,0.0008901417,0.0,0.0,0.0,0.0,0.0,0.0
41,31,4.719643,-74.125923,PSO4,g/s,0.0,0.0,0.0,0.0,0.0,0.0,0.0,0.0045553914,0.0045553914,0.0045553914,0.0045553914,0.0045553914,0.0,0.0045553914,0.0045553914,0.0045553914,0.0045553914,0.0045553914,0.0045553914,0.0,0.0,0.0,0.0,0.0,0.0
41,35,4.719643,-74.089951,PSO4,g/s,0.0,0.0,0.0,0.0,0.0,0.0,0.0,0.0041362965,0.0041362965,0.0041362965,0.0041362965,0.0041362965,0.0,0.0041362965,0.0041362965,0.0041362965,0.0041362965,0.0041362965,0.0041362965,0.0,0.0,0.0,0.0,0.0,0.0
41,36,4.719643,-74.080956,PSO4,g/s,0.0,0.0,0.0,0.0,0.0,0.0,0.0,0.00049053186,0.00049053186,0.00049053186,0.00049053186,0.00049053186,0.0,0.00049053186,0.00049053186,0.00049053186,0.00049053186,0.00049053186,0.00049053186,0.0,0.0,0.0,0.0,0.0,0.0
41,37,4.719643,-74.07196,PSO4,g/s,0.0,0.0,0.0,0.0,0.0,0.0,0.0,0.00115540698,0.00115540698,0.00115540698,0.00115540698,0.00115540698,0.0,0.00115540698,0.00115540698,0.00115540698,0.00115540698,0.00115540698,0.00115540698,0.0,0.0,0.0,0.0,0.0,0.0
41,38,4.719643,-74.062965,PSO4,g/s,0.0,0.0,0.0,0.0,0.0,0.0,0.0,0.00204905358,0.00204905358,0.00204905358,0.00204905358,0.00204905358,0.0,0.00204905358,0.00204905358,0.00204905358,0.00204905358,0.00204905358,0.00204905358,0.0,0.0,0.0,0.0,0.0,0.0
41,39,4.719643,-74.05397,PSO4,g/s,0.0,0.0,0.0,0.0,0.0,0.0,0.0,0.00115801182,0.00115801182,0.00115801182,0.00115801182,0.00115801182,0.0,0.00115801182,0.00115801182,0.00115801182,0.00115801182,0.00115801182,0.00115801182,0.0,0.0,0.0,0.0,0.0,0.0
41,40,4.719643,-74.044975,PSO4,g/s,0.0,0.0,0.0,0.0,0.0,0.0,0.0,0.00379099392,0.00379099392,0.00379099392,0.00379099392,0.00379099392,0.0,0.00379099392,0.00379099392,0.00379099392,0.00379099392,0.00379099392,0.00379099392,0.0,0.0,0.0,0.0,0.0,0.0
36,29,4.67482,-74.143913,PSO4,g/s,0.0,0.0,0.0,0.0,0.0,0.0,0.0,0.00010835412,0.00010835412,0.00010835412,0.00010835412,0.00010835412,0.0,0.00010835412,0.00010835412,0.00010835412,0.00010835412,0.00010835412,0.00010835412,0.0,0.0,0.0,0.0,0.0,0.0
41,42,4.719643,-74.026985,PSO4,g/s,0.0,0.0,0.0,0.0,0.0,0.0,0.0,0.001038282,0.001038282,0.001038282,0.001038282,0.001038282,0.0,0.001038282,0.001038282,0.001038282,0.001038282,0.001038282,0.001038282,0.0,0.0,0.0,0.0,0.0,0.0
36,31,4.67482,-74.125923,PSO4,g/s,0.0,0.0,0.0,0.0,0.0,0.0,0.0,0.00088441752,0.00088441752,0.00088441752,0.00088441752,0.00088441752,0.0,0.00088441752,0.00088441752,0.00088441752,0.00088441752,0.00088441752,0.00088441752,0.0,0.0,0.0,0.0,0.0,0.0
36,32,4.67482,-74.116936,PSO4,g/s,0.0,0.0,0.0,0.0,0.0,0.0,0.0,0.001727124,0.001727124,0.001727124,0.001727124,0.001727124,0.0,0.001727124,0.001727124,0.001727124,0.001727124,0.001727124,0.001727124,0.0,0.0,0.0,0.0,0.0,0.0
36,33,4.67482,-74.107941,PSO4,g/s,0.0,0.0,0.0,0.0,0.0,0.0,0.0,0.00263373642,0.00263373642,0.00263373642,0.00263373642,0.00263373642,0.0,0.00263373642,0.00263373642,0.00263373642,0.00263373642,0.00263373642,0.00263373642,0.0,0.0,0.0,0.0,0.0,0.0
36,34,4.67482,-74.098946,PSO4,g/s,0.0,0.0,0.0,0.0,0.0,0.0,0.0,0.00049096068,0.00049096068,0.00049096068,0.00049096068,0.00049096068,0.0,0.00049096068,0.00049096068,0.00049096068,0.00049096068,0.00049096068,0.00049096068,0.0,0.0,0.0,0.0,0.0,0.0
31,24,4.629997,-74.188889,PSO4,g/s,0.0,0.0,0.0,0.0,0.0,0.0,0.0,0.00033267024,0.00033267024,0.00033267024,0.00033267024,0.00033267024,0.0,0.00033267024,0.00033267024,0.00033267024,0.00033267024,0.00033267024,0.00033267024,0.0,0.0,0.0,0.0,0.0,0.0
31,25,4.629997,-74.179893,PSO4,g/s,0.0,0.0,0.0,0.0,0.0,0.0,0.0,9.51594e-07,9.51594e-07,9.51594e-07,9.51594e-07,9.51594e-07,0.0,9.51594e-07,9.51594e-07,9.51594e-07,9.51594e-07,9.51594e-07,9.51594e-07,0.0,0.0,0.0,0.0,0.0,0.0
31,26,4.629997,-74.170898,PSO4,g/s,0.0,0.0,0.0,0.0,0.0,0.0,0.0,0.001758806658,0.001758806658,0.001758806658,0.001758806658,0.001758806658,0.0,0.001758806658,0.001758806658,0.001758806658,0.001758806658,0.001758806658,0.001758806658,0.0,0.0,0.0,0.0,0.0,0.0
36,39,4.67482,-74.05397,PSO4,g/s,0.0,0.0,0.0,0.0,0.0,0.0,0.0,0.043183367094,0.043183367094,0.043183367094,0.043183367094,0.043183367094,0.0,0.043183367094,0.043183367094,0.043183367094,0.043183367094,0.043183367094,0.043183367094,0.0,0.0,0.0,0.0,0.0,0.0
36,40,4.67482,-74.044975,PSO4,g/s,0.0,0.0,0.0,0.0,0.0,0.0,0.0,0.00156560712,0.00156560712,0.00156560712,0.00156560712,0.00156560712,0.0,0.00156560712,0.00156560712,0.00156560712,0.00156560712,0.00156560712,0.00156560712,0.0,0.0,0.0,0.0,0.0,0.0
36,41,4.67482,-74.03598,PSO4,g/s,0.0,0.0,0.0,0.0,0.0,0.0,0.0,0.00030072,0.00030072,0.00030072,0.00030072,0.00030072,0.0,0.00030072,0.00030072,0.00030072,0.00030072,0.00030072,0.00030072,0.0,0.0,0.0,0.0,0.0,0.0
31,31,4.629997,-74.125923,PSO4,g/s,0.0,0.0,0.0,0.0,0.0,0.0,0.0,0.000798,0.000798,0.000798,0.000798,0.000798,0.0,0.000798,0.000798,0.000798,0.000798,0.000798,0.000798,0.0,0.0,0.0,0.0,0.0,0.0
31,33,4.629997,-74.107941,PSO4,g/s,0.0,0.0,0.0,0.0,0.0,0.0,0.0,0.000601818,0.000601818,0.000601818,0.000601818,0.000601818,0.0,0.000601818,0.000601818,0.000601818,0.000601818,0.000601818,0.000601818,0.0,0.0,0.0,0.0,0.0,0.0
31,34,4.629997,-74.098946,PSO4,g/s,0.0,0.0,0.0,0.0,0.0,0.0,0.0,0.0014066724,0.0014066724,0.0014066724,0.0014066724,0.0014066724,0.0,0.0014066724,0.0014066724,0.0014066724,0.0014066724,0.0014066724,0.0014066724,0.0,0.0,0.0,0.0,0.0,0.0
31,35,4.629997,-74.089951,PSO4,g/s,0.0,0.0,0.0,0.0,0.0,0.0,0.0,0.0006926997,0.0006926997,0.0006926997,0.0006926997,0.0006926997,0.0,0.0006926997,0.0006926997,0.0006926997,0.0006926997,0.0006926997,0.0006926997,0.0,0.0,0.0,0.0,0.0,0.0
31,36,4.629997,-74.080956,PSO4,g/s,0.0,0.0,0.0,0.0,0.0,0.0,0.0,0.00094253796,0.00094253796,0.00094253796,0.00094253796,0.00094253796,0.0,0.00094253796,0.00094253796,0.00094253796,0.00094253796,0.00094253796,0.00094253796,0.0,0.0,0.0,0.0,0.0,0.0
31,37,4.629997,-74.07196,PSO4,g/s,0.0,0.0,0.0,0.0,0.0,0.0,0.0,0.00032251086,0.00032251086,0.00032251086,0.00032251086,0.00032251086,0.0,0.00032251086,0.00032251086,0.00032251086,0.00032251086,0.00032251086,0.00032251086,0.0,0.0,0.0,0.0,0.0,0.0
31,38,4.629997,-74.062965,PSO4,g/s,0.0,0.0,0.0,0.0,0.0,0.0,0.0,0.00113572032,0.00113572032,0.00113572032,0.00113572032,0.00113572032,0.0,0.00113572032,0.00113572032,0.00113572032,0.00113572032,0.00113572032,0.00113572032,0.0,0.0,0.0,0.0,0.0,0.0
26,27,4.585175,-74.161903,PSO4,g/s,0.0,0.0,0.0,0.0,0.0,0.0,0.0,0.00580649034,0.00580649034,0.00580649034,0.00580649034,0.00580649034,0.0,0.00580649034,0.00580649034,0.00580649034,0.00580649034,0.00580649034,0.00580649034,0.0,0.0,0.0,0.0,0.0,0.0
26,28,4.585175,-74.152908,PSO4,g/s,0.0,0.0,0.0,0.0,0.0,0.0,0.0,0.00098052108,0.00098052108,0.00098052108,0.00098052108,0.00098052108,0.0,0.00098052108,0.00098052108,0.00098052108,0.00098052108,0.00098052108,0.00098052108,0.0,0.0,0.0,0.0,0.0,0.0
26,33,4.585175,-74.107941,PSO4,g/s,0.0,0.0,0.0,0.0,0.0,0.0,0.0,6.986028e-05,6.986028e-05,6.986028e-05,6.986028e-05,6.986028e-05,0.0,6.986028e-05,6.986028e-05,6.986028e-05,6.986028e-05,6.986028e-05,6.986028e-05,0.0,0.0,0.0,0.0,0.0,0.0
26,35,4.585175,-74.089951,PSO4,g/s,0.0,0.0,0.0,0.0,0.0,0.0,0.0,0.001190998158,0.001190998158,0.001190998158,0.001190998158,0.001190998158,0.0,0.001190998158,0.001190998158,0.001190998158,0.001190998158,0.001190998158,0.001190998158,0.0,0.0,0.0,0.0,0.0,0.0
26,36,4.585175,-74.080956,PSO4,g/s,0.0,0.0,0.0,0.0,0.0,0.0,0.0,4.2e-07,4.2e-07,4.2e-07,4.2e-07,4.2e-07,0.0,4.2e-07,4.2e-07,4.2e-07,4.2e-07,4.2e-07,4.2e-07,0.0,0.0,0.0,0.0,0.0,0.0
21,28,4.540337,-74.152908,PSO4,g/s,0.0,0.0,0.0,0.0,0.0,0.0,0.0,0.00015105552,0.00015105552,0.00015105552,0.00015105552,0.00015105552,0.0,0.00015105552,0.00015105552,0.00015105552,0.00015105552,0.00015105552,0.00015105552,0.0,0.0,0.0,0.0,0.0,0.0
21,32,4.540337,-74.116936,PSO4,g/s,0.0,0.0,0.0,0.0,0.0,0.0,0.0,0.00016010148,0.00016010148,0.00016010148,0.00016010148,0.00016010148,0.0,0.00016010148,0.00016010148,0.00016010148,0.00016010148,0.00016010148,0.00016010148,0.0,0.0,0.0,0.0,0.0,0.0
21,33,4.540337,-74.107941,PSO4,g/s,0.0,0.0,0.0,0.0,0.0,0.0,0.0,0.00041980302,0.00041980302,0.00041980302,0.00041980302,0.00041980302,0.0,0.00041980302,0.00041980302,0.00041980302,0.00041980302,0.00041980302,0.00041980302,0.0,0.0,0.0,0.0,0.0,0.0
34,28,4.656898,-74.152908,PSO4,g/s,0.0,0.0,0.0,0.0,0.0,0.0,0.0,0.0054110532,0.0054110532,0.0054110532,0.0054110532,0.0054110532,0.0,0.0054110532,0.0054110532,0.0054110532,0.0054110532,0.0054110532,0.0054110532,0.0,0.0,0.0,0.0,0.0,0.0
16,31,4.495499,-74.125923,PSO4,g/s,0.0,0.0,0.0,0.0,0.0,0.0,0.0,0.0006970719,0.0006970719,0.0006970719,0.0006970719,0.0006970719,0.0,0.0006970719,0.0006970719,0.0006970719,0.0006970719,0.0006970719,0.0006970719,0.0,0.0,0.0,0.0,0.0,0.0
16,32,4.495499,-74.116936,PSO4,g/s,0.0,0.0,0.0,0.0,0.0,0.0,0.0,0.000526512,0.000526512,0.000526512,0.000526512,0.000526512,0.0,0.000526512,0.000526512,0.000526512,0.000526512,0.000526512,0.000526512,0.0,0.0,0.0,0.0,0.0,0.0
47,40,4.773422,-74.044975,PSO4,g/s,0.0,0.0,0.0,0.0,0.0,0.0,0.0,0.000336,0.000336,0.000336,0.000336,0.000336,0.0,0.000336,0.000336,0.000336,0.000336,0.000336,0.000336,0.0,0.0,0.0,0.0,0.0,0.0
42,34,4.728607,-74.098946,PSO4,g/s,0.0,0.0,0.0,0.0,0.0,0.0,0.0,0.0011626083,0.0011626083,0.0011626083,0.0011626083,0.0011626083,0.0,0.0011626083,0.0011626083,0.0011626083,0.0011626083,0.0011626083,0.0011626083,0.0,0.0,0.0,0.0,0.0,0.0
42,35,4.728607,-74.089951,PSO4,g/s,0.0,0.0,0.0,0.0,0.0,0.0,0.0,0.0002348556,0.0002348556,0.0002348556,0.0002348556,0.0002348556,0.0,0.0002348556,0.0002348556,0.0002348556,0.0002348556,0.0002348556,0.0002348556,0.0,0.0,0.0,0.0,0.0,0.0
42,37,4.728607,-74.07196,PSO4,g/s,0.0,0.0,0.0,0.0,0.0,0.0,0.0,0.00039058572,0.00039058572,0.00039058572,0.00039058572,0.00039058572,0.0,0.00039058572,0.00039058572,0.00039058572,0.00039058572,0.00039058572,0.00039058572,0.0,0.0,0.0,0.0,0.0,0.0
37,26,4.683784,-74.170898,PSO4,g/s,0.0,0.0,0.0,0.0,0.0,0.0,0.0,0.000856884,0.000856884,0.000856884,0.000856884,0.000856884,0.0,0.000856884,0.000856884,0.000856884,0.000856884,0.000856884,0.000856884,0.0,0.0,0.0,0.0,0.0,0.0
42,40,4.728607,-74.044975,PSO4,g/s,0.0,0.0,0.0,0.0,0.0,0.0,0.0,0.03469468338,0.03469468338,0.03469468338,0.03469468338,0.03469468338,0.0,0.03469468338,0.03469468338,0.03469468338,0.03469468338,0.03469468338,0.03469468338,0.0,0.0,0.0,0.0,0.0,0.0
42,41,4.728607,-74.03598,PSO4,g/s,0.0,0.0,0.0,0.0,0.0,0.0,0.0,0.0028419111,0.0028419111,0.0028419111,0.0028419111,0.0028419111,0.0,0.0028419111,0.0028419111,0.0028419111,0.0028419111,0.0028419111,0.0028419111,0.0,0.0,0.0,0.0,0.0,0.0
42,42,4.728607,-74.026985,PSO4,g/s,0.0,0.0,0.0,0.0,0.0,0.0,0.0,0.00154256592,0.00154256592,0.00154256592,0.00154256592,0.00154256592,0.0,0.00154256592,0.00154256592,0.00154256592,0.00154256592,0.00154256592,0.00154256592,0.0,0.0,0.0,0.0,0.0,0.0
37,31,4.683784,-74.125923,PSO4,g/s,0.0,0.0,0.0,0.0,0.0,0.0,0.0,0.006824874,0.006824874,0.006824874,0.006824874,0.006824874,0.0,0.006824874,0.006824874,0.006824874,0.006824874,0.006824874,0.006824874,0.0,0.0,0.0,0.0,0.0,0.0
37,32,4.683784,-74.116936,PSO4,g/s,0.0,0.0,0.0,0.0,0.0,0.0,0.0,0.00376304586,0.00376304586,0.00376304586,0.00376304586,0.00376304586,0.0,0.00376304586,0.00376304586,0.00376304586,0.00376304586,0.00376304586,0.00376304586,0.0,0.0,0.0,0.0,0.0,0.0
37,36,4.683784,-74.080956,PSO4,g/s,0.0,0.0,0.0,0.0,0.0,0.0,0.0,0.00160908636,0.00160908636,0.00160908636,0.00160908636,0.00160908636,0.0,0.00160908636,0.00160908636,0.00160908636,0.00160908636,0.00160908636,0.00160908636,0.0,0.0,0.0,0.0,0.0,0.0
37,38,4.683784,-74.062965,PSO4,g/s,0.0,0.0,0.0,0.0,0.0,0.0,0.0,0.00150748248,0.00150748248,0.00150748248,0.00150748248,0.00150748248,0.0,0.00150748248,0.00150748248,0.00150748248,0.00150748248,0.00150748248,0.00150748248,0.0,0.0,0.0,0.0,0.0,0.0
34,39,4.656898,-74.05397,PSO4,g/s,0.0,0.0,0.0,0.0,0.0,0.0,0.0,0.00134416254,0.00134416254,0.00134416254,0.00134416254,0.00134416254,0.0,0.00134416254,0.00134416254,0.00134416254,0.00134416254,0.00134416254,0.00134416254,0.0,0.0,0.0,0.0,0.0,0.0
37,40,4.683784,-74.044975,PSO4,g/s,0.0,0.0,0.0,0.0,0.0,0.0,0.0,0.0056440839,0.0056440839,0.0056440839,0.0056440839,0.0056440839,0.0,0.0056440839,0.0056440839,0.0056440839,0.0056440839,0.0056440839,0.0056440839,0.0,0.0,0.0,0.0,0.0,0.0
37,41,4.683784,-74.03598,PSO4,g/s,0.0,0.0,0.0,0.0,0.0,0.0,0.0,0.000839202,0.000839202,0.000839202,0.000839202,0.000839202,0.0,0.000839202,0.000839202,0.000839202,0.000839202,0.000839202,0.000839202,0.0,0.0,0.0,0.0,0.0,0.0
32,31,4.638962,-74.125923,PSO4,g/s,0.0,0.0,0.0,0.0,0.0,0.0,0.0,0.00234192,0.00234192,0.00234192,0.00234192,0.00234192,0.0,0.00234192,0.00234192,0.00234192,0.00234192,0.00234192,0.00234192,0.0,0.0,0.0,0.0,0.0,0.0
32,32,4.638962,-74.116936,PSO4,g/s,0.0,0.0,0.0,0.0,0.0,0.0,0.0,0.00011979408,0.00011979408,0.00011979408,0.00011979408,0.00011979408,0.0,0.00011979408,0.00011979408,0.00011979408,0.00011979408,0.00011979408,0.00011979408,0.0,0.0,0.0,0.0,0.0,0.0
32,33,4.638962,-74.107941,PSO4,g/s,0.0,0.0,0.0,0.0,0.0,0.0,0.0,0.00046397421,0.00046397421,0.00046397421,0.00046397421,0.00046397421,0.0,0.00046397421,0.00046397421,0.00046397421,0.00046397421,0.00046397421,0.00046397421,0.0,0.0,0.0,0.0,0.0,0.0
32,35,4.638962,-74.089951,PSO4,g/s,0.0,0.0,0.0,0.0,0.0,0.0,0.0,2.0538e-05,2.0538e-05,2.0538e-05,2.0538e-05,2.0538e-05,0.0,2.0538e-05,2.0538e-05,2.0538e-05,2.0538e-05,2.0538e-05,2.0538e-05,0.0,0.0,0.0,0.0,0.0,0.0
32,36,4.638962,-74.080956,PSO4,g/s,0.0,0.0,0.0,0.0,0.0,0.0,0.0,0.00023511558,0.00023511558,0.00023511558,0.00023511558,0.00023511558,0.0,0.00023511558,0.00023511558,0.00023511558,0.00023511558,0.00023511558,0.00023511558,0.0,0.0,0.0,0.0,0.0,0.0
32,37,4.638962,-74.07196,PSO4,g/s,0.0,0.0,0.0,0.0,0.0,0.0,0.0,2.068332e-05,2.068332e-05,2.068332e-05,2.068332e-05,2.068332e-05,0.0,2.068332e-05,2.068332e-05,2.068332e-05,2.068332e-05,2.068332e-05,2.068332e-05,0.0,0.0,0.0,0.0,0.0,0.0
32,38,4.638962,-74.062965,PSO4,g/s,0.0,0.0,0.0,0.0,0.0,0.0,0.0,0.00144843594,0.00144843594,0.00144843594,0.00144843594,0.00144843594,0.0,0.00144843594,0.00144843594,0.00144843594,0.00144843594,0.00144843594,0.00144843594,0.0,0.0,0.0,0.0,0.0,0.0
32,39,4.638962,-74.05397,PSO4,g/s,0.0,0.0,0.0,0.0,0.0,0.0,0.0,2.94e-05,2.94e-05,2.94e-05,2.94e-05,2.94e-05,0.0,2.94e-05,2.94e-05,2.94e-05,2.94e-05,2.94e-05,2.94e-05,0.0,0.0,0.0,0.0,0.0,0.0
27,28,4.594131,-74.152908,PSO4,g/s,0.0,0.0,0.0,0.0,0.0,0.0,0.0,8.4e-05,8.4e-05,8.4e-05,8.4e-05,8.4e-05,0.0,8.4e-05,8.4e-05,8.4e-05,8.4e-05,8.4e-05,8.4e-05,0.0,0.0,0.0,0.0,0.0,0.0
27,29,4.594131,-74.143913,PSO4,g/s,0.0,0.0,0.0,0.0,0.0,0.0,0.0,0.000386862,0.000386862,0.000386862,0.000386862,0.000386862,0.0,0.000386862,0.000386862,0.000386862,0.000386862,0.000386862,0.000386862,0.0,0.0,0.0,0.0,0.0,0.0
27,31,4.594131,-74.125923,PSO4,g/s,0.0,0.0,0.0,0.0,0.0,0.0,0.0,0.00012537966,0.00012537966,0.00012537966,0.00012537966,0.00012537966,0.0,0.00012537966,0.00012537966,0.00012537966,0.00012537966,0.00012537966,0.00012537966,0.0,0.0,0.0,0.0,0.0,0.0
27,32,4.594131,-74.116936,PSO4,g/s,0.0,0.0,0.0,0.0,0.0,0.0,0.0,1.478862e-05,1.478862e-05,1.478862e-05,1.478862e-05,1.478862e-05,0.0,1.478862e-05,1.478862e-05,1.478862e-05,1.478862e-05,1.478862e-05,1.478862e-05,0.0,0.0,0.0,0.0,0.0,0.0
27,33,4.594131,-74.107941,PSO4,g/s,0.0,0.0,0.0,0.0,0.0,0.0,0.0,0.00394025982,0.00394025982,0.00394025982,0.00394025982,0.00394025982,0.0,0.00394025982,0.00394025982,0.00394025982,0.00394025982,0.00394025982,0.00394025982,0.0,0.0,0.0,0.0,0.0,0.0
27,34,4.594131,-74.098946,PSO4,g/s,0.0,0.0,0.0,0.0,0.0,0.0,0.0,5.8926e-05,5.8926e-05,5.8926e-05,5.8926e-05,5.8926e-05,0.0,5.8926e-05,5.8926e-05,5.8926e-05,5.8926e-05,5.8926e-05,5.8926e-05,0.0,0.0,0.0,0.0,0.0,0.0
27,35,4.594131,-74.089951,PSO4,g/s,0.0,0.0,0.0,0.0,0.0,0.0,0.0,9.49872e-07,9.49872e-07,9.49872e-07,9.49872e-07,9.49872e-07,0.0,9.49872e-07,9.49872e-07,9.49872e-07,9.49872e-07,9.49872e-07,9.49872e-07,0.0,0.0,0.0,0.0,0.0,0.0
27,36,4.594131,-74.080956,PSO4,g/s,0.0,0.0,0.0,0.0,0.0,0.0,0.0,0.00101836098,0.00101836098,0.00101836098,0.00101836098,0.00101836098,0.0,0.00101836098,0.00101836098,0.00101836098,0.00101836098,0.00101836098,0.00101836098,0.0,0.0,0.0,0.0,0.0,0.0
27,37,4.594131,-74.07196,PSO4,g/s,0.0,0.0,0.0,0.0,0.0,0.0,0.0,0.001845564,0.001845564,0.001845564,0.001845564,0.001845564,0.0,0.001845564,0.001845564,0.001845564,0.001845564,0.001845564,0.001845564,0.0,0.0,0.0,0.0,0.0,0.0
35,29,4.665855,-74.143913,PSO4,g/s,0.0,0.0,0.0,0.0,0.0,0.0,0.0,0.00072745554,0.00072745554,0.00072745554,0.00072745554,0.00072745554,0.0,0.00072745554,0.00072745554,0.00072745554,0.00072745554,0.00072745554,0.00072745554,0.0,0.0,0.0,0.0,0.0,0.0
22,33,4.549301,-74.107941,PSO4,g/s,0.0,0.0,0.0,0.0,0.0,0.0,0.0,0.000370608,0.000370608,0.000370608,0.000370608,0.000370608,0.0,0.000370608,0.000370608,0.000370608,0.000370608,0.000370608,0.000370608,0.0,0.0,0.0,0.0,0.0,0.0
35,30,4.665855,-74.134918,PSO4,g/s,0.0,0.0,0.0,0.0,0.0,0.0,0.0,0.00102463998,0.00102463998,0.00102463998,0.00102463998,0.00102463998,0.0,0.00102463998,0.00102463998,0.00102463998,0.00102463998,0.00102463998,0.00102463998,0.0,0.0,0.0,0.0,0.0,0.0
41,30,4.719643,-74.134918,PSO4,g/s,0.0,0.0,0.0,0.0,0.0,0.0,0.0,0.005863278288,0.005863278288,0.005863278288,0.005863278288,0.005863278288,0.0,0.005863278288,0.005863278288,0.005863278288,0.005863278288,0.005863278288,0.005863278288,0.0,0.0,0.0,0.0,0.0,0.0
35,33,4.665855,-74.107941,PSO4,g/s,0.0,0.0,0.0,0.0,0.0,0.0,0.0,0.00095281032,0.00095281032,0.00095281032,0.00095281032,0.00095281032,0.0,0.00095281032,0.00095281032,0.00095281032,0.00095281032,0.00095281032,0.00095281032,0.0,0.0,0.0,0.0,0.0,0.0
24,26,4.567238,-74.170898,PSO4,g/s,0.0,0.0,0.0,0.0,0.0,0.0,0.0,0.000835884,0.000835884,0.000835884,0.000835884,0.000835884,0.0,0.000835884,0.000835884,0.000835884,0.000835884,0.000835884,0.000835884,0.0,0.0,0.0,0.0,0.0,0.0
30,25,4.621033,-74.179893,PSO4,g/s,0.0,0.0,0.0,0.0,0.0,0.0,0.0,0.0002382534,0.0002382534,0.0002382534,0.0002382534,0.0002382534,0.0,0.0002382534,0.0002382534,0.0002382534,0.0002382534,0.0002382534,0.0002382534,0.0,0.0,0.0,0.0,0.0,0.0
43,32,4.737564,-74.116936,PSO4,g/s,0.0,0.0,0.0,0.0,0.0,0.0,0.0,0.00161705586,0.00161705586,0.00161705586,0.00161705586,0.00161705586,0.0,0.00161705586,0.00161705586,0.00161705586,0.00161705586,0.00161705586,0.00161705586,0.0,0.0,0.0,0.0,0.0,0.0
43,35,4.737564,-74.089951,PSO4,g/s,0.0,0.0,0.0,0.0,0.0,0.0,0.0,0.00139297746,0.00139297746,0.00139297746,0.00139297746,0.00139297746,0.0,0.00139297746,0.00139297746,0.00139297746,0.00139297746,0.00139297746,0.00139297746,0.0,0.0,0.0,0.0,0.0,0.0
43,36,4.737564,-74.080956,PSO4,g/s,0.0,0.0,0.0,0.0,0.0,0.0,0.0,0.0002755158,0.0002755158,0.0002755158,0.0002755158,0.0002755158,0.0,0.0002755158,0.0002755158,0.0002755158,0.0002755158,0.0002755158,0.0002755158,0.0,0.0,0.0,0.0,0.0,0.0
43,37,4.737564,-74.07196,PSO4,g/s,0.0,0.0,0.0,0.0,0.0,0.0,0.0,0.00299674368,0.00299674368,0.00299674368,0.00299674368,0.00299674368,0.0,0.00299674368,0.00299674368,0.00299674368,0.00299674368,0.00299674368,0.00299674368,0.0,0.0,0.0,0.0,0.0,0.0
43,38,4.737564,-74.062965,PSO4,g/s,0.0,0.0,0.0,0.0,0.0,0.0,0.0,0.001653708,0.001653708,0.001653708,0.001653708,0.001653708,0.0,0.001653708,0.001653708,0.001653708,0.001653708,0.001653708,0.001653708,0.0,0.0,0.0,0.0,0.0,0.0
43,39,4.737564,-74.05397,PSO4,g/s,0.0,0.0,0.0,0.0,0.0,0.0,0.0,2.52e-05,2.52e-05,2.52e-05,2.52e-05,2.52e-05,0.0,2.52e-05,2.52e-05,2.52e-05,2.52e-05,2.52e-05,2.52e-05,0.0,0.0,0.0,0.0,0.0,0.0
43,40,4.737564,-74.044975,PSO4,g/s,0.0,0.0,0.0,0.0,0.0,0.0,0.0,0.00032565624,0.00032565624,0.00032565624,0.00032565624,0.00032565624,0.0,0.00032565624,0.00032565624,0.00032565624,0.00032565624,0.00032565624,0.00032565624,0.0,0.0,0.0,0.0,0.0,0.0
43,41,4.737564,-74.03598,PSO4,g/s,0.0,0.0,0.0,0.0,0.0,0.0,0.0,0.000393149274,0.000393149274,0.000393149274,0.000393149274,0.000393149274,0.0,0.000393149274,0.000393149274,0.000393149274,0.000393149274,0.000393149274,0.000393149274,0.0,0.0,0.0,0.0,0.0,0.0
38,30,4.692757,-74.134918,PSO4,g/s,0.0,0.0,0.0,0.0,0.0,0.0,0.0,0.03549,0.03549,0.03549,0.03549,0.03549,0.0,0.03549,0.03549,0.03549,0.03549,0.03549,0.03549,0.0,0.0,0.0,0.0,0.0,0.0
43,43,4.737564,-74.01799,PSO4,g/s,0.0,0.0,0.0,0.0,0.0,0.0,0.0,0.00299377092,0.00299377092,0.00299377092,0.00299377092,0.00299377092,0.0,0.00299377092,0.00299377092,0.00299377092,0.00299377092,0.00299377092,0.00299377092,0.0,0.0,0.0,0.0,0.0,0.0
38,36,4.692757,-74.080956,PSO4,g/s,0.0,0.0,0.0,0.0,0.0,0.0,0.0,6.646122e-05,6.646122e-05,6.646122e-05,6.646122e-05,6.646122e-05,0.0,6.646122e-05,6.646122e-05,6.646122e-05,6.646122e-05,6.646122e-05,6.646122e-05,0.0,0.0,0.0,0.0,0.0,0.0
33,25,4.647919,-74.179893,PSO4,g/s,0.0,0.0,0.0,0.0,0.0,0.0,0.0,0.00054953052,0.00054953052,0.00054953052,0.00054953052,0.00054953052,0.0,0.00054953052,0.00054953052,0.00054953052,0.00054953052,0.00054953052,0.00054953052,0.0,0.0,0.0,0.0,0.0,0.0
38,38,4.692757,-74.062965,PSO4,g/s,0.0,0.0,0.0,0.0,0.0,0.0,0.0,0.00096142578,0.00096142578,0.00096142578,0.00096142578,0.00096142578,0.0,0.00096142578,0.00096142578,0.00096142578,0.00096142578,0.00096142578,0.00096142578,0.0,0.0,0.0,0.0,0.0,0.0
33,27,4.647919,-74.161903,PSO4,g/s,0.0,0.0,0.0,0.0,0.0,0.0,0.0,5.04e-05,5.04e-05,5.04e-05,5.04e-05,5.04e-05,0.0,5.04e-05,5.04e-05,5.04e-05,5.04e-05,5.04e-05,5.04e-05,0.0,0.0,0.0,0.0,0.0,0.0
38,40,4.692757,-74.044975,PSO4,g/s,0.0,0.0,0.0,0.0,0.0,0.0,0.0,0.01995749112,0.01995749112,0.01995749112,0.01995749112,0.01995749112,0.0,0.01995749112,0.01995749112,0.01995749112,0.01995749112,0.01995749112,0.01995749112,0.0,0.0,0.0,0.0,0.0,0.0
33,29,4.647919,-74.143913,PSO4,g/s,0.0,0.0,0.0,0.0,0.0,0.0,0.0,0.0106629768,0.0106629768,0.0106629768,0.0106629768,0.0106629768,0.0,0.0106629768,0.0106629768,0.0106629768,0.0106629768,0.0106629768,0.0106629768,0.0,0.0,0.0,0.0,0.0,0.0
33,34,4.647919,-74.098946,PSO4,g/s,0.0,0.0,0.0,0.0,0.0,0.0,0.0,0.00340023012,0.00340023012,0.00340023012,0.00340023012,0.00340023012,0.0,0.00340023012,0.00340023012,0.00340023012,0.00340023012,0.00340023012,0.00340023012,0.0,0.0,0.0,0.0,0.0,0.0
33,36,4.647919,-74.080956,PSO4,g/s,0.0,0.0,0.0,0.0,0.0,0.0,0.0,0.00078119664,0.00078119664,0.00078119664,0.00078119664,0.00078119664,0.0,0.00078119664,0.00078119664,0.00078119664,0.00078119664,0.00078119664,0.00078119664,0.0,0.0,0.0,0.0,0.0,0.0
33,37,4.647919,-74.07196,PSO4,g/s,0.0,0.0,0.0,0.0,0.0,0.0,0.0,0.000261744,0.000261744,0.000261744,0.000261744,0.000261744,0.0,0.000261744,0.000261744,0.000261744,0.000261744,0.000261744,0.000261744,0.0,0.0,0.0,0.0,0.0,0.0
33,38,4.647919,-74.062965,PSO4,g/s,0.0,0.0,0.0,0.0,0.0,0.0,0.0,0.00186725406,0.00186725406,0.00186725406,0.00186725406,0.00186725406,0.0,0.00186725406,0.00186725406,0.00186725406,0.00186725406,0.00186725406,0.00186725406,0.0,0.0,0.0,0.0,0.0,0.0
33,39,4.647919,-74.05397,PSO4,g/s,0.0,0.0,0.0,0.0,0.0,0.0,0.0,0.00473377464,0.00473377464,0.00473377464,0.00473377464,0.00473377464,0.0,0.00473377464,0.00473377464,0.00473377464,0.00473377464,0.00473377464,0.00473377464,0.0,0.0,0.0,0.0,0.0,0.0
28,31,4.603096,-74.125923,PSO4,g/s,0.0,0.0,0.0,0.0,0.0,0.0,0.0,0.000255108,0.000255108,0.000255108,0.000255108,0.000255108,0.0,0.000255108,0.000255108,0.000255108,0.000255108,0.000255108,0.000255108,0.0,0.0,0.0,0.0,0.0,0.0
28,32,4.603096,-74.116936,PSO4,g/s,0.0,0.0,0.0,0.0,0.0,0.0,0.0,0.001257438,0.001257438,0.001257438,0.001257438,0.001257438,0.0,0.001257438,0.001257438,0.001257438,0.001257438,0.001257438,0.001257438,0.0,0.0,0.0,0.0,0.0,0.0
28,34,4.603096,-74.098946,PSO4,g/s,0.0,0.0,0.0,0.0,0.0,0.0,0.0,0.000338184,0.000338184,0.000338184,0.000338184,0.000338184,0.0,0.000338184,0.000338184,0.000338184,0.000338184,0.000338184,0.000338184,0.0,0.0,0.0,0.0,0.0,0.0
28,35,4.603096,-74.089951,PSO4,g/s,0.0,0.0,0.0,0.0,0.0,0.0,0.0,4.9854e-08,4.9854e-08,4.9854e-08,4.9854e-08,4.9854e-08,0.0,4.9854e-08,4.9854e-08,4.9854e-08,4.9854e-08,4.9854e-08,4.9854e-08,0.0,0.0,0.0,0.0,0.0,0.0
28,36,4.603096,-74.080956,PSO4,g/s,0.0,0.0,0.0,0.0,0.0,0.0,0.0,0.0013188,0.0013188,0.0013188,0.0013188,0.0013188,0.0,0.0013188,0.0013188,0.0013188,0.0013188,0.0013188,0.0013188,0.0,0.0,0.0,0.0,0.0,0.0
28,37,4.603096,-74.07196,PSO4,g/s,0.0,0.0,0.0,0.0,0.0,0.0,0.0,0.01068323088,0.01068323088,0.01068323088,0.01068323088,0.01068323088,0.0,0.01068323088,0.01068323088,0.01068323088,0.01068323088,0.01068323088,0.01068323088,0.0,0.0,0.0,0.0,0.0,0.0
28,38,4.603096,-74.062965,PSO4,g/s,0.0,0.0,0.0,0.0,0.0,0.0,0.0,0.00343780332,0.00343780332,0.00343780332,0.00343780332,0.00343780332,0.0,0.00343780332,0.00343780332,0.00343780332,0.00343780332,0.00343780332,0.00343780332,0.0,0.0,0.0,0.0,0.0,0.0
23,31,4.558266,-74.125923,PSO4,g/s,0.0,0.0,0.0,0.0,0.0,0.0,0.0,0.000352926,0.000352926,0.000352926,0.000352926,0.000352926,0.0,0.000352926,0.000352926,0.000352926,0.000352926,0.000352926,0.000352926,0.0,0.0,0.0,0.0,0.0,0.0
23,32,4.558266,-74.116936,PSO4,g/s,0.0,0.0,0.0,0.0,0.0,0.0,0.0,0.00126,0.00126,0.00126,0.00126,0.00126,0.0,0.00126,0.00126,0.00126,0.00126,0.00126,0.00126,0.0,0.0,0.0,0.0,0.0,0.0
23,36,4.558266,-74.080956,PSO4,g/s,0.0,0.0,0.0,0.0,0.0,0.0,0.0,4.998e-05,4.998e-05,4.998e-05,4.998e-05,4.998e-05,0.0,4.998e-05,4.998e-05,4.998e-05,4.998e-05,4.998e-05,4.998e-05,0.0,0.0,0.0,0.0,0.0,0.0
18,33,4.513443,-74.107941,PSO4,g/s,0.0,0.0,0.0,0.0,0.0,0.0,0.0,0.00011873064,0.00011873064,0.00011873064,0.00011873064,0.00011873064,0.0,0.00011873064,0.00011873064,0.00011873064,0.00011873064,0.00011873064,0.00011873064,0.0,0.0,0.0,0.0,0.0,0.0
18,34,4.513443,-74.098946,PSO4,g/s,0.0,0.0,0.0,0.0,0.0,0.0,0.0,0.00029274546,0.00029274546,0.00029274546,0.00029274546,0.00029274546,0.0,0.00029274546,0.00029274546,0.00029274546,0.00029274546,0.00029274546,0.00029274546,0.0,0.0,0.0,0.0,0.0,0.0
18,35,4.513443,-74.089951,PSO4,g/s,0.0,0.0,0.0,0.0,0.0,0.0,0.0,6.846e-05,6.846e-05,6.846e-05,6.846e-05,6.846e-05,0.0,6.846e-05,6.846e-05,6.846e-05,6.846e-05,6.846e-05,6.846e-05,0.0,0.0,0.0,0.0,0.0,0.0
42,38,4.728607,-74.062965,PSO4,g/s,0.0,0.0,0.0,0.0,0.0,0.0,0.0,0.01115134692,0.01115134692,0.01115134692,0.01115134692,0.01115134692,0.0,0.01115134692,0.01115134692,0.01115134692,0.01115134692,0.01115134692,0.01115134692,0.0,0.0,0.0,0.0,0.0,0.0
25,25,4.576202,-74.179893,PSO4,g/s,0.0,0.0,0.0,0.0,0.0,0.0,0.0,6.72e-05,6.72e-05,6.72e-05,6.72e-05,6.72e-05,0.0,6.72e-05,6.72e-05,6.72e-05,6.72e-05,6.72e-05,6.72e-05,0.0,0.0,0.0,0.0,0.0,0.0
13,31,4.468597,-74.125923,PSO4,g/s,0.0,0.0,0.0,0.0,0.0,0.0,0.0,8.207892e-05,8.207892e-05,8.207892e-05,8.207892e-05,8.207892e-05,0.0,8.207892e-05,8.207892e-05,8.207892e-05,8.207892e-05,8.207892e-05,8.207892e-05,0.0,0.0,0.0,0.0,0.0,0.0
37,39,4.683784,-74.05397,PSO4,g/s,0.0,0.0,0.0,0.0,0.0,0.0,0.0,0.013164422964,0.013164422964,0.013164422964,0.013164422964,0.013164422964,0.0,0.013164422964,0.013164422964,0.013164422964,0.013164422964,0.013164422964,0.013164422964,0.0,0.0,0.0,0.0,0.0,0.0
36,36,4.67482,-74.080956,PSO4,g/s,0.0,0.0,0.0,0.0,0.0,0.0,0.0,0.00086233812,0.00086233812,0.00086233812,0.00086233812,0.00086233812,0.0,0.00086233812,0.00086233812,0.00086233812,0.00086233812,0.00086233812,0.00086233812,0.0,0.0,0.0,0.0,0.0,0.0
36,37,4.67482,-74.07196,PSO4,g/s,0.0,0.0,0.0,0.0,0.0,0.0,0.0,0.00012411,0.00012411,0.00012411,0.00012411,0.00012411,0.0,0.00012411,0.00012411,0.00012411,0.00012411,0.00012411,0.00012411,0.0,0.0,0.0,0.0,0.0,0.0
36,38,4.67482,-74.062965,PSO4,g/s,0.0,0.0,0.0,0.0,0.0,0.0,0.0,0.0002961,0.0002961,0.0002961,0.0002961,0.0002961,0.0,0.0002961,0.0002961,0.0002961,0.0002961,0.0002961,0.0002961,0.0,0.0,0.0,0.0,0.0,0.0
44,34,4.746536,-74.098946,PSO4,g/s,0.0,0.0,0.0,0.0,0.0,0.0,0.0,0.00297108504,0.00297108504,0.00297108504,0.00297108504,0.00297108504,0.0,0.00297108504,0.00297108504,0.00297108504,0.00297108504,0.00297108504,0.00297108504,0.0,0.0,0.0,0.0,0.0,0.0
44,35,4.746536,-74.089951,PSO4,g/s,0.0,0.0,0.0,0.0,0.0,0.0,0.0,0.00086337846,0.00086337846,0.00086337846,0.00086337846,0.00086337846,0.0,0.00086337846,0.00086337846,0.00086337846,0.00086337846,0.00086337846,0.00086337846,0.0,0.0,0.0,0.0,0.0,0.0
44,36,4.746536,-74.080956,PSO4,g/s,0.0,0.0,0.0,0.0,0.0,0.0,0.0,0.00218701266,0.00218701266,0.00218701266,0.00218701266,0.00218701266,0.0,0.00218701266,0.00218701266,0.00218701266,0.00218701266,0.00218701266,0.00218701266,0.0,0.0,0.0,0.0,0.0,0.0
44,37,4.746536,-74.07196,PSO4,g/s,0.0,0.0,0.0,0.0,0.0,0.0,0.0,0.03558366882,0.03558366882,0.03558366882,0.03558366882,0.03558366882,0.0,0.03558366882,0.03558366882,0.03558366882,0.03558366882,0.03558366882,0.03558366882,0.0,0.0,0.0,0.0,0.0,0.0
44,38,4.746536,-74.062965,PSO4,g/s,0.0,0.0,0.0,0.0,0.0,0.0,0.0,0.00360822882,0.00360822882,0.00360822882,0.00360822882,0.00360822882,0.0,0.00360822882,0.00360822882,0.00360822882,0.00360822882,0.00360822882,0.00360822882,0.0,0.0,0.0,0.0,0.0,0.0
44,39,4.746536,-74.05397,PSO4,g/s,0.0,0.0,0.0,0.0,0.0,0.0,0.0,5.65992e-05,5.65992e-05,5.65992e-05,5.65992e-05,5.65992e-05,0.0,5.65992e-05,5.65992e-05,5.65992e-05,5.65992e-05,5.65992e-05,5.65992e-05,0.0,0.0,0.0,0.0,0.0,0.0
44,40,4.746536,-74.044975,PSO4,g/s,0.0,0.0,0.0,0.0,0.0,0.0,0.0,0.00013142934,0.00013142934,0.00013142934,0.00013142934,0.00013142934,0.0,0.00013142934,0.00013142934,0.00013142934,0.00013142934,0.00013142934,0.00013142934,0.0,0.0,0.0,0.0,0.0,0.0
44,41,4.746536,-74.03598,PSO4,g/s,0.0,0.0,0.0,0.0,0.0,0.0,0.0,0.00296671284,0.00296671284,0.00296671284,0.00296671284,0.00296671284,0.0,0.00296671284,0.00296671284,0.00296671284,0.00296671284,0.00296671284,0.00296671284,0.0,0.0,0.0,0.0,0.0,0.0
44,42,4.746536,-74.026985,PSO4,g/s,0.0,0.0,0.0,0.0,0.0,0.0,0.0,0.00211148658,0.00211148658,0.00211148658,0.00211148658,0.00211148658,0.0,0.00211148658,0.00211148658,0.00211148658,0.00211148658,0.00211148658,0.00211148658,0.0,0.0,0.0,0.0,0.0,0.0
39,33,4.701714,-74.107941,PSO4,g/s,0.0,0.0,0.0,0.0,0.0,0.0,0.0,0.00141602244,0.00141602244,0.00141602244,0.00141602244,0.00141602244,0.0,0.00141602244,0.00141602244,0.00141602244,0.00141602244,0.00141602244,0.00141602244,0.0,0.0,0.0,0.0,0.0,0.0
39,37,4.701714,-74.07196,PSO4,g/s,0.0,0.0,0.0,0.0,0.0,0.0,0.0,0.00237392232,0.00237392232,0.00237392232,0.00237392232,0.00237392232,0.0,0.00237392232,0.00237392232,0.00237392232,0.00237392232,0.00237392232,0.00237392232,0.0,0.0,0.0,0.0,0.0,0.0
39,39,4.701714,-74.05397,PSO4,g/s,0.0,0.0,0.0,0.0,0.0,0.0,0.0,0.00206391444,0.00206391444,0.00206391444,0.00206391444,0.00206391444,0.0,0.00206391444,0.00206391444,0.00206391444,0.00206391444,0.00206391444,0.00206391444,0.0,0.0,0.0,0.0,0.0,0.0
39,40,4.701714,-74.044975,PSO4,g/s,0.0,0.0,0.0,0.0,0.0,0.0,0.0,0.00176801478,0.00176801478,0.00176801478,0.00176801478,0.00176801478,0.0,0.00176801478,0.00176801478,0.00176801478,0.00176801478,0.00176801478,0.00176801478,0.0,0.0,0.0,0.0,0.0,0.0
39,41,4.701714,-74.03598,PSO4,g/s,0.0,0.0,0.0,0.0,0.0,0.0,0.0,0.00070571172,0.00070571172,0.00070571172,0.00070571172,0.00070571172,0.0,0.00070571172,0.00070571172,0.00070571172,0.00070571172,0.00070571172,0.00070571172,0.0,0.0,0.0,0.0,0.0,0.0
39,42,4.701714,-74.026985,PSO4,g/s,0.0,0.0,0.0,0.0,0.0,0.0,0.0,0.003775546824,0.003775546824,0.003775546824,0.003775546824,0.003775546824,0.0,0.003775546824,0.003775546824,0.003775546824,0.003775546824,0.003775546824,0.003775546824,0.0,0.0,0.0,0.0,0.0,0.0
34,31,4.656898,-74.125923,PSO4,g/s,0.0,0.0,0.0,0.0,0.0,0.0,0.0,0.00245800506,0.00245800506,0.00245800506,0.00245800506,0.00245800506,0.0,0.00245800506,0.00245800506,0.00245800506,0.00245800506,0.00245800506,0.00245800506,0.0,0.0,0.0,0.0,0.0,0.0
34,32,4.656898,-74.116936,PSO4,g/s,0.0,0.0,0.0,0.0,0.0,0.0,0.0,0.00430212594,0.00430212594,0.00430212594,0.00430212594,0.00430212594,0.0,0.00430212594,0.00430212594,0.00430212594,0.00430212594,0.00430212594,0.00430212594,0.0,0.0,0.0,0.0,0.0,0.0
34,33,4.656898,-74.107941,PSO4,g/s,0.0,0.0,0.0,0.0,0.0,0.0,0.0,0.00259446558,0.00259446558,0.00259446558,0.00259446558,0.00259446558,0.0,0.00259446558,0.00259446558,0.00259446558,0.00259446558,0.00259446558,0.00259446558,0.0,0.0,0.0,0.0,0.0,0.0
34,36,4.656898,-74.080956,PSO4,g/s,0.0,0.0,0.0,0.0,0.0,0.0,0.0,0.000421806,0.000421806,0.000421806,0.000421806,0.000421806,0.0,0.000421806,0.000421806,0.000421806,0.000421806,0.000421806,0.000421806,0.0,0.0,0.0,0.0,0.0,0.0
34,38,4.656898,-74.062965,PSO4,g/s,0.0,0.0,0.0,0.0,0.0,0.0,0.0,0.00041777568,0.00041777568,0.00041777568,0.00041777568,0.00041777568,0.0,0.00041777568,0.00041777568,0.00041777568,0.00041777568,0.00041777568,0.00041777568,0.0,0.0,0.0,0.0,0.0,0.0
29,27,4.612068,-74.161903,PSO4,g/s,0.0,0.0,0.0,0.0,0.0,0.0,0.0,0.0001288476,0.0001288476,0.0001288476,0.0001288476,0.0001288476,0.0,0.0001288476,0.0001288476,0.0001288476,0.0001288476,0.0001288476,0.0001288476,0.0,0.0,0.0,0.0,0.0,0.0
29,28,4.612068,-74.152908,PSO4,g/s,0.0,0.0,0.0,0.0,0.0,0.0,0.0,0.0013553211,0.0013553211,0.0013553211,0.0013553211,0.0013553211,0.0,0.0013553211,0.0013553211,0.0013553211,0.0013553211,0.0013553211,0.0013553211,0.0,0.0,0.0,0.0,0.0,0.0
29,33,4.612068,-74.107941,PSO4,g/s,0.0,0.0,0.0,0.0,0.0,0.0,0.0,0.00042,0.00042,0.00042,0.00042,0.00042,0.0,0.00042,0.00042,0.00042,0.00042,0.00042,0.00042,0.0,0.0,0.0,0.0,0.0,0.0
29,35,4.612068,-74.089951,PSO4,g/s,0.0,0.0,0.0,0.0,0.0,0.0,0.0,0.00030235464,0.00030235464,0.00030235464,0.00030235464,0.00030235464,0.0,0.00030235464,0.00030235464,0.00030235464,0.00030235464,0.00030235464,0.00030235464,0.0,0.0,0.0,0.0,0.0,0.0
29,37,4.612068,-74.07196,PSO4,g/s,0.0,0.0,0.0,0.0,0.0,0.0,0.0,0.00425657148,0.00425657148,0.00425657148,0.00425657148,0.00425657148,0.0,0.00425657148,0.00425657148,0.00425657148,0.00425657148,0.00425657148,0.00425657148,0.0,0.0,0.0,0.0,0.0,0.0
29,38,4.612068,-74.062965,PSO4,g/s,0.0,0.0,0.0,0.0,0.0,0.0,0.0,3.2298e-07,3.2298e-07,3.2298e-07,3.2298e-07,3.2298e-07,0.0,3.2298e-07,3.2298e-07,3.2298e-07,3.2298e-07,3.2298e-07,3.2298e-07,0.0,0.0,0.0,0.0,0.0,0.0
24,27,4.567238,-74.161903,PSO4,g/s,0.0,0.0,0.0,0.0,0.0,0.0,0.0,5.145e-05,5.145e-05,5.145e-05,5.145e-05,5.145e-05,0.0,5.145e-05,5.145e-05,5.145e-05,5.145e-05,5.145e-05,5.145e-05,0.0,0.0,0.0,0.0,0.0,0.0
24,31,4.567238,-74.125923,PSO4,g/s,0.0,0.0,0.0,0.0,0.0,0.0,0.0,0.000350196,0.000350196,0.000350196,0.000350196,0.000350196,0.0,0.000350196,0.000350196,0.000350196,0.000350196,0.000350196,0.000350196,0.0,0.0,0.0,0.0,0.0,0.0
24,32,4.567238,-74.116936,PSO4,g/s,0.0,0.0,0.0,0.0,0.0,0.0,0.0,1.47e-05,1.47e-05,1.47e-05,1.47e-05,1.47e-05,0.0,1.47e-05,1.47e-05,1.47e-05,1.47e-05,1.47e-05,1.47e-05,0.0,0.0,0.0,0.0,0.0,0.0
24,35,4.567238,-74.089951,PSO4,g/s,0.0,0.0,0.0,0.0,0.0,0.0,0.0,0.000114156,0.000114156,0.000114156,0.000114156,0.000114156,0.0,0.000114156,0.000114156,0.000114156,0.000114156,0.000114156,0.000114156,0.0,0.0,0.0,0.0,0.0,0.0
34,40,4.656898,-74.044975,PSO4,g/s,0.0,0.0,0.0,0.0,0.0,0.0,0.0,0.02097749514,0.02097749514,0.02097749514,0.02097749514,0.02097749514,0.0,0.02097749514,0.02097749514,0.02097749514,0.02097749514,0.02097749514,0.02097749514,0.0,0.0,0.0,0.0,0.0,0.0
32,26,4.638962,-74.170898,PSO4,g/s,0.0,0.0,0.0,0.0,0.0,0.0,0.0,0.00151813746,0.00151813746,0.00151813746,0.00151813746,0.00151813746,0.0,0.00151813746,0.00151813746,0.00151813746,0.00151813746,0.00151813746,0.00151813746,0.0,0.0,0.0,0.0,0.0,0.0
32,27,4.638962,-74.161903,PSO4,g/s,0.0,0.0,0.0,0.0,0.0,0.0,0.0,0.003148698,0.003148698,0.003148698,0.003148698,0.003148698,0.0,0.003148698,0.003148698,0.003148698,0.003148698,0.003148698,0.003148698,0.0,0.0,0.0,0.0,0.0,0.0
32,29,4.638962,-74.143913,PSO4,g/s,0.0,0.0,0.0,0.0,0.0,0.0,0.0,0.00241351194,0.00241351194,0.00241351194,0.00241351194,0.00241351194,0.0,0.00241351194,0.00241351194,0.00241351194,0.00241351194,0.00241351194,0.00241351194,0.0,0.0,0.0,0.0,0.0,0.0
50,40,4.800316,-74.044975,PSO4,g/s,0.0,0.0,0.0,0.0,0.0,0.0,0.0,0.00020162562,0.00020162562,0.00020162562,0.00020162562,0.00020162562,0.0,0.00020162562,0.00020162562,0.00020162562,0.00020162562,0.00020162562,0.00020162562,0.0,0.0,0.0,0.0,0.0,0.0
45,33,4.755493,-74.107941,PSO4,g/s,0.0,0.0,0.0,0.0,0.0,0.0,0.0,0.00075878292,0.00075878292,0.00075878292,0.00075878292,0.00075878292,0.0,0.00075878292,0.00075878292,0.00075878292,0.00075878292,0.00075878292,0.00075878292,0.0,0.0,0.0,0.0,0.0,0.0
45,37,4.755493,-74.07196,PSO4,g/s,0.0,0.0,0.0,0.0,0.0,0.0,0.0,0.00050568,0.00050568,0.00050568,0.00050568,0.00050568,0.0,0.00050568,0.00050568,0.00050568,0.00050568,0.00050568,0.00050568,0.0,0.0,0.0,0.0,0.0,0.0
45,38,4.755493,-74.062965,PSO4,g/s,0.0,0.0,0.0,0.0,0.0,0.0,0.0,0.003937810422,0.003937810422,0.003937810422,0.003937810422,0.003937810422,0.0,0.003937810422,0.003937810422,0.003937810422,0.003937810422,0.003937810422,0.003937810422,0.0,0.0,0.0,0.0,0.0,0.0
45,39,4.755493,-74.05397,PSO4,g/s,0.0,0.0,0.0,0.0,0.0,0.0,0.0,0.002232762,0.002232762,0.002232762,0.002232762,0.002232762,0.0,0.002232762,0.002232762,0.002232762,0.002232762,0.002232762,0.002232762,0.0,0.0,0.0,0.0,0.0,0.0
45,40,4.755493,-74.044975,PSO4,g/s,0.0,0.0,0.0,0.0,0.0,0.0,0.0,0.00528313296,0.00528313296,0.00528313296,0.00528313296,0.00528313296,0.0,0.00528313296,0.00528313296,0.00528313296,0.00528313296,0.00528313296,0.00528313296,0.0,0.0,0.0,0.0,0.0,0.0
45,41,4.755493,-74.03598,PSO4,g/s,0.0,0.0,0.0,0.0,0.0,0.0,0.0,0.00164337222,0.00164337222,0.00164337222,0.00164337222,0.00164337222,0.0,0.00164337222,0.00164337222,0.00164337222,0.00164337222,0.00164337222,0.00164337222,0.0,0.0,0.0,0.0,0.0,0.0
40,30,4.710678,-74.134918,PSO4,g/s,0.0,0.0,0.0,0.0,0.0,0.0,0.0,0.000651588,0.000651588,0.000651588,0.000651588,0.000651588,0.0,0.000651588,0.000651588,0.000651588,0.000651588,0.000651588,0.000651588,0.0,0.0,0.0,0.0,0.0,0.0
40,34,4.710678,-74.098946,PSO4,g/s,0.0,0.0,0.0,0.0,0.0,0.0,0.0,0.0002829876,0.0002829876,0.0002829876,0.0002829876,0.0002829876,0.0,0.0002829876,0.0002829876,0.0002829876,0.0002829876,0.0002829876,0.0002829876,0.0,0.0,0.0,0.0,0.0,0.0
40,37,4.710678,-74.07196,PSO4,g/s,0.0,0.0,0.0,0.0,0.0,0.0,0.0,0.0007298214,0.0007298214,0.0007298214,0.0007298214,0.0007298214,0.0,0.0007298214,0.0007298214,0.0007298214,0.0007298214,0.0007298214,0.0007298214,0.0,0.0,0.0,0.0,0.0,0.0
40,39,4.710678,-74.05397,PSO4,g/s,0.0,0.0,0.0,0.0,0.0,0.0,0.0,0.00458002524,0.00458002524,0.00458002524,0.00458002524,0.00458002524,0.0,0.00458002524,0.00458002524,0.00458002524,0.00458002524,0.00458002524,0.00458002524,0.0,0.0,0.0,0.0,0.0,0.0
40,40,4.710678,-74.044975,PSO4,g/s,0.0,0.0,0.0,0.0,0.0,0.0,0.0,0.002159632104,0.002159632104,0.002159632104,0.002159632104,0.002159632104,0.0,0.002159632104,0.002159632104,0.002159632104,0.002159632104,0.002159632104,0.002159632104,0.0,0.0,0.0,0.0,0.0,0.0
40,41,4.710678,-74.03598,PSO4,g/s,0.0,0.0,0.0,0.0,0.0,0.0,0.0,0.0004830168,0.0004830168,0.0004830168,0.0004830168,0.0004830168,0.0,0.0004830168,0.0004830168,0.0004830168,0.0004830168,0.0004830168,0.0004830168,0.0,0.0,0.0,0.0,0.0,0.0
40,42,4.710678,-74.026985,PSO4,g/s,0.0,0.0,0.0,0.0,0.0,0.0,0.0,0.00149344314,0.00149344314,0.00149344314,0.00149344314,0.00149344314,0.0,0.00149344314,0.00149344314,0.00149344314,0.00149344314,0.00149344314,0.00149344314,0.0,0.0,0.0,0.0,0.0,0.0
35,32,4.665855,-74.116936,PSO4,g/s,0.0,0.0,0.0,0.0,0.0,0.0,0.0,0.00403454184,0.00403454184,0.00403454184,0.00403454184,0.00403454184,0.0,0.00403454184,0.00403454184,0.00403454184,0.00403454184,0.00403454184,0.00403454184,0.0,0.0,0.0,0.0,0.0,0.0
41,41,4.719643,-74.03598,PSO4,g/s,0.0,0.0,0.0,0.0,0.0,0.0,0.0,0.0050343006,0.0050343006,0.0050343006,0.0050343006,0.0050343006,0.0,0.0050343006,0.0050343006,0.0050343006,0.0050343006,0.0050343006,0.0050343006,0.0,0.0,0.0,0.0,0.0,0.0
30,24,4.621033,-74.188889,PSO4,g/s,0.0,0.0,0.0,0.0,0.0,0.0,0.0,0.00221860464,0.00221860464,0.00221860464,0.00221860464,0.00221860464,0.0,0.00221860464,0.00221860464,0.00221860464,0.00221860464,0.00221860464,0.00221860464,0.0,0.0,0.0,0.0,0.0,0.0
35,37,4.665855,-74.07196,PSO4,g/s,0.0,0.0,0.0,0.0,0.0,0.0,0.0,0.018474078,0.018474078,0.018474078,0.018474078,0.018474078,0.0,0.018474078,0.018474078,0.018474078,0.018474078,0.018474078,0.018474078,0.0,0.0,0.0,0.0,0.0,0.0
35,38,4.665855,-74.062965,PSO4,g/s,0.0,0.0,0.0,0.0,0.0,0.0,0.0,0.00055775118,0.00055775118,0.00055775118,0.00055775118,0.00055775118,0.0,0.00055775118,0.00055775118,0.00055775118,0.00055775118,0.00055775118,0.00055775118,0.0,0.0,0.0,0.0,0.0,0.0
35,39,4.665855,-74.05397,PSO4,g/s,0.0,0.0,0.0,0.0,0.0,0.0,0.0,0.00485065434,0.00485065434,0.00485065434,0.00485065434,0.00485065434,0.0,0.00485065434,0.00485065434,0.00485065434,0.00485065434,0.00485065434,0.00485065434,0.0,0.0,0.0,0.0,0.0,0.0
35,40,4.665855,-74.044975,PSO4,g/s,0.0,0.0,0.0,0.0,0.0,0.0,0.0,0.015243884208,0.015243884208,0.015243884208,0.015243884208,0.015243884208,0.0,0.015243884208,0.015243884208,0.015243884208,0.015243884208,0.015243884208,0.015243884208,0.0,0.0,0.0,0.0,0.0,0.0
30,29,4.621033,-74.143913,PSO4,g/s,0.0,0.0,0.0,0.0,0.0,0.0,0.0,0.00013357008,0.00013357008,0.00013357008,0.00013357008,0.00013357008,0.0,0.00013357008,0.00013357008,0.00013357008,0.00013357008,0.00013357008,0.00013357008,0.0,0.0,0.0,0.0,0.0,0.0
30,32,4.621033,-74.116936,PSO4,g/s,0.0,0.0,0.0,0.0,0.0,0.0,0.0,0.00040446,0.00040446,0.00040446,0.00040446,0.00040446,0.0,0.00040446,0.00040446,0.00040446,0.00040446,0.00040446,0.00040446,0.0,0.0,0.0,0.0,0.0,0.0
30,34,4.621033,-74.098946,PSO4,g/s,0.0,0.0,0.0,0.0,0.0,0.0,0.0,0.0001062075,0.0001062075,0.0001062075,0.0001062075,0.0001062075,0.0,0.0001062075,0.0001062075,0.0001062075,0.0001062075,0.0001062075,0.0001062075,0.0,0.0,0.0,0.0,0.0,0.0
30,35,4.621033,-74.089951,PSO4,g/s,0.0,0.0,0.0,0.0,0.0,0.0,0.0,0.00159330444,0.00159330444,0.00159330444,0.00159330444,0.00159330444,0.0,0.00159330444,0.00159330444,0.00159330444,0.00159330444,0.00159330444,0.00159330444,0.0,0.0,0.0,0.0,0.0,0.0
30,36,4.621033,-74.080956,PSO4,g/s,0.0,0.0,0.0,0.0,0.0,0.0,0.0,0.0024009342,0.0024009342,0.0024009342,0.0024009342,0.0024009342,0.0,0.0024009342,0.0024009342,0.0024009342,0.0024009342,0.0024009342,0.0024009342,0.0,0.0,0.0,0.0,0.0,0.0
30,37,4.621033,-74.07196,PSO4,g/s,0.0,0.0,0.0,0.0,0.0,0.0,0.0,0.00146439804,0.00146439804,0.00146439804,0.00146439804,0.00146439804,0.0,0.00146439804,0.00146439804,0.00146439804,0.00146439804,0.00146439804,0.00146439804,0.0,0.0,0.0,0.0,0.0,0.0
30,38,4.621033,-74.062965,PSO4,g/s,0.0,0.0,0.0,0.0,0.0,0.0,0.0,0.000504,0.000504,0.000504,0.000504,0.000504,0.0,0.000504,0.000504,0.000504,0.000504,0.000504,0.000504,0.0,0.0,0.0,0.0,0.0,0.0
25,31,4.576202,-74.125923,PSO4,g/s,0.0,0.0,0.0,0.0,0.0,0.0,0.0,5.46e-06,5.46e-06,5.46e-06,5.46e-06,5.46e-06,0.0,5.46e-06,5.46e-06,5.46e-06,5.46e-06,5.46e-06,5.46e-06,0.0,0.0,0.0,0.0,0.0,0.0
25,32,4.576202,-74.116936,PSO4,g/s,0.0,0.0,0.0,0.0,0.0,0.0,0.0,5.80524e-07,5.80524e-07,5.80524e-07,5.80524e-07,5.80524e-07,0.0,5.80524e-07,5.80524e-07,5.80524e-07,5.80524e-07,5.80524e-07,5.80524e-07,0.0,0.0,0.0,0.0,0.0,0.0
25,33,4.576202,-74.107941,PSO4,g/s,0.0,0.0,0.0,0.0,0.0,0.0,0.0,0.009042852,0.009042852,0.009042852,0.009042852,0.009042852,0.0,0.009042852,0.009042852,0.009042852,0.009042852,0.009042852,0.009042852,0.0,0.0,0.0,0.0,0.0,0.0
25,34,4.576202,-74.098946,PSO4,g/s,0.0,0.0,0.0,0.0,0.0,0.0,0.0,0.000180852,0.000180852,0.000180852,0.000180852,0.000180852,0.0,0.000180852,0.000180852,0.000180852,0.000180852,0.000180852,0.000180852,0.0,0.0,0.0,0.0,0.0,0.0
25,37,4.576202,-74.07196,PSO4,g/s,0.0,0.0,0.0,0.0,0.0,0.0,0.0,0.0003622395,0.0003622395,0.0003622395,0.0003622395,0.0003622395,0.0,0.0003622395,0.0003622395,0.0003622395,0.0003622395,0.0003622395,0.0003622395,0.0,0.0,0.0,0.0,0.0,0.0
27,27,4.594131,-74.161903,PSO4,g/s,0.0,0.0,0.0,0.0,0.0,0.0,0.0,0.00190342488,0.00190342488,0.00190342488,0.00190342488,0.00190342488,0.0,0.00190342488,0.00190342488,0.00190342488,0.00190342488,0.00190342488,0.00190342488,0.0,0.0,0.0,0.0,0.0,0.0
20,30,4.531372,-74.134918,PSO4,g/s,0.0,0.0,0.0,0.0,0.0,0.0,0.0,0.00038323824,0.00038323824,0.00038323824,0.00038323824,0.00038323824,0.0,0.00038323824,0.00038323824,0.00038323824,0.00038323824,0.00038323824,0.00038323824,0.0,0.0,0.0,0.0,0.0,0.0
33,26,4.647919,-74.170898,PSO4,g/s,0.0,0.0,0.0,0.0,0.0,0.0,0.0,0.001125624234,0.001125624234,0.001125624234,0.001125624234,0.001125624234,0.0,0.001125624234,0.001125624234,0.001125624234,0.001125624234,0.001125624234,0.001125624234,0.0,0.0,0.0,0.0,0.0,0.0
38,39,4.692757,-74.05397,PSO4,g/s,0.0,0.0,0.0,0.0,0.0,0.0,0.0,0.001722035616,0.001722035616,0.001722035616,0.001722035616,0.001722035616,0.0,0.001722035616,0.001722035616,0.001722035616,0.001722035616,0.001722035616,0.001722035616,0.0,0.0,0.0,0.0,0.0,0.0
